Date,Ticker,Sector,Open,High,Low,Close,Volume
2022-01-03,AAPL,Technology,185.08,183.89,182.73,183.68,431562677
2022-01-04,AAPL,Technology,182.53,185.27,181.84,182.96,636363196
2022-01-05,AAPL,Technology,179.76,182.17,181.14,181.49,204799310
2022-01-06,AAPL,Technology,178.89,181.17,179.26,179.71,239448315
2022-01-07,AAPL,Technology,183.19,184.84,184.4,184.5,369554445
2022-01-10,AAPL,Technology,184.37,186.63,184.37,184.93,419323444
2022-01-11,AAPL,Technology,182.01,185.69,182.96,182.98,731986373
2022-01-12,AAPL,Technology,177.83,179.31,176.21,179.01,535349636
2022-01-13,AAPL,Technology,181.17,181.7,181.28,181.45,231650193
2022-01-14,AAPL,Technology,179.46,179.81,177.64,179.15,200932567
2022-01-17,AAPL,Technology,180.8,180.8,179.27,180.25,812397053
2022-01-18,AAPL,Technology,183.63,184.56,182.87,183.33,790180978
2022-01-19,AAPL,Technology,180.71,182.07,180.19,181.8,728328624
2022-01-20,AAPL,Technology,186.63,186.4,184.8,186.29,351401542
2022-01-21,AAPL,Technology,189.03,189.87,187.51,187.56,130923985
2022-01-24,AAPL,Technology,190.48,190.52,189.94,190.39,179595120
2022-01-25,AAPL,Technology,189.2,190.24,187.45,189.69,323837757
2022-01-26,AAPL,Technology,187.54,189.42,187.54,188.04,627110749
2022-01-27,AAPL,Technology,188.11,189.88,187.37,188.42,398790160
2022-01-28,AAPL,Technology,183.52,183.95,183.13,183.52,431469090
2022-01-31,AAPL,Technology,178.18,179.5,178.41,178.9,447576103
2022-02-01,AAPL,Technology,180.48,182.97,180.0,180.25,467437889
2022-02-02,AAPL,Technology,176.22,174.12,174.0,174.08,440675580
2022-02-03,AAPL,Technology,176.08,175.13,173.44,175.08,706593798
2022-02-04,AAPL,Technology,176.38,178.91,175.63,177.62,650614947
2022-02-07,AAPL,Technology,184.77,186.14,183.84,184.68,377190971
2022-02-08,AAPL,Technology,180.0,179.68,178.05,179.58,306365037
2022-02-09,AAPL,Technology,185.39,185.8,184.17,184.64,262186814
2022-02-10,AAPL,Technology,185.63,187.39,183.07,185.45,552487516
2022-02-11,AAPL,Technology,188.61,189.98,186.13,188.12,562832335
2022-02-14,AAPL,Technology,189.24,189.55,188.0,189.02,561732455
2022-02-15,AAPL,Technology,185.54,189.44,185.94,186.65,673687427
2022-02-16,AAPL,Technology,182.68,184.59,181.73,183.43,785387719
2022-02-17,AAPL,Technology,184.62,186.07,182.04,184.85,332826508
2022-02-18,AAPL,Technology,182.26,183.13,181.83,181.95,557150188
2022-02-21,AAPL,Technology,184.46,184.73,182.56,184.71,1890457278
2022-02-22,AAPL,Technology,187.3,188.13,185.24,186.84,433875683
2022-02-23,AAPL,Technology,188.5,190.02,189.19,189.3,227480797
2022-02-24,AAPL,Technology,186.67,189.12,187.52,187.84,529048391
2022-02-25,AAPL,Technology,189.25,190.53,188.96,189.2,273966077
2022-02-28,AAPL,Technology,191.48,191.33,188.82,190.47,243630993
2022-03-01,AAPL,Technology,187.8,188.09,186.54,187.31,3330424949
2022-03-02,AAPL,Technology,189.91,191.01,187.85,189.29,414409584
2022-03-03,AAPL,Technology,191.47,193.12,191.57,191.94,505438571
2022-03-04,AAPL,Technology,198.38,202.98,198.89,199.99,383187148
2022-03-07,AAPL,Technology,203.24,204.08,202.21,203.97,681494592
2022-03-08,AAPL,Technology,200.7,201.7,201.28,201.35,1417232757
2022-03-09,AAPL,Technology,203.04,207.01,203.41,203.71,743007478
2022-03-10,AAPL,Technology,201.73,201.05,200.05,200.86,266224846
2022-03-11,AAPL,Technology,201.48,200.47,198.67,199.72,594059984
2022-03-14,AAPL,Technology,196.25,196.68,191.93,195.24,226966960
2022-03-15,AAPL,Technology,194.03,195.56,192.5,193.6,714659688
2022-03-16,AAPL,Technology,189.45,190.52,185.49,190.43,427607349
2022-03-17,AAPL,Technology,185.8,188.64,184.08,186.21,517940168
2022-03-18,AAPL,Technology,191.1,193.29,189.32,191.09,297000884
2022-03-21,AAPL,Technology,192.81,193.05,191.82,192.74,400147265
2022-03-22,AAPL,Technology,192.0,194.22,190.74,193.19,1409522296
2022-03-23,AAPL,Technology,186.72,186.69,185.58,186.46,355362957
2022-03-24,AAPL,Technology,186.61,186.55,184.94,185.82,579982067
2022-03-25,AAPL,Technology,184.3,184.88,183.11,183.56,664678764
2022-03-28,AAPL,Technology,181.43,181.68,179.79,180.87,480121235
2022-03-29,AAPL,Technology,181.81,183.16,180.45,181.31,438514604
2022-03-30,AAPL,Technology,181.39,182.24,179.46,180.65,931903105
2022-03-31,AAPL,Technology,181.07,181.76,180.33,180.78,454600001
2022-04-01,AAPL,Technology,183.04,182.01,179.96,181.15,293383536
2022-04-04,AAPL,Technology,177.8,178.88,176.12,177.24,664252399
2022-04-05,AAPL,Technology,176.66,178.53,177.15,177.26,790012927
2022-04-06,AAPL,Technology,177.21,178.01,176.39,176.84,365997742
2022-04-07,AAPL,Technology,173.83,174.62,173.93,174.28,383358387
2022-04-08,AAPL,Technology,174.43,177.08,173.08,175.06,436053902
2022-04-11,AAPL,Technology,175.95,178.17,174.88,176.09,480574055
2022-04-12,AAPL,Technology,173.24,172.99,172.56,172.96,320817995
2022-04-13,AAPL,Technology,174.98,176.77,174.48,174.63,685097687
2022-04-14,AAPL,Technology,173.51,173.73,173.41,173.42,329634528
2022-04-15,AAPL,Technology,174.38,174.24,171.54,173.55,1423794359
2022-04-18,AAPL,Technology,173.08,172.4,170.96,171.21,323869384
2022-04-19,AAPL,Technology,168.23,169.48,165.8,168.67,331929670
2022-04-20,AAPL,Technology,169.98,169.64,166.64,169.18,363593910
2022-04-21,AAPL,Technology,168.02,167.15,164.73,166.49,874987414
2022-04-22,AAPL,Technology,165.04,167.4,163.35,165.14,900903003
2022-04-25,AAPL,Technology,160.48,161.22,160.44,160.45,387399595
2022-04-26,AAPL,Technology,162.39,163.68,162.11,162.29,627478155
2022-04-27,AAPL,Technology,165.47,165.9,162.4,164.42,572862915
2022-04-28,AAPL,Technology,163.21,164.27,162.11,162.26,501823609
2022-04-29,AAPL,Technology,169.14,170.69,167.99,168.32,669932805
2022-05-02,AAPL,Technology,173.43,173.85,171.57,172.52,201365104
2022-05-03,AAPL,Technology,169.5,171.65,168.53,168.9,1028305898
2022-05-04,AAPL,Technology,167.73,171.38,167.31,169.17,471875694
2022-05-05,AAPL,Technology,170.32,170.44,167.58,170.39,252713059
2022-05-06,AAPL,Technology,172.06,173.0,171.2,172.5,285682964
2022-05-09,AAPL,Technology,172.79,173.67,171.0,172.36,372173682
2022-05-10,AAPL,Technology,169.48,170.09,168.54,169.95,266546975
2022-05-11,AAPL,Technology,176.2,176.06,175.02,176.01,458667440
2022-05-12,AAPL,Technology,174.9,176.22,174.3,175.36,363791289
2022-05-13,AAPL,Technology,175.74,177.76,172.43,174.55,1104307034
2022-05-16,AAPL,Technology,176.49,174.62,173.38,173.82,849184857
2022-05-17,AAPL,Technology,173.64,174.79,171.24,173.47,332391692
2022-05-18,AAPL,Technology,170.51,169.95,167.62,169.08,753937384
2022-05-19,AAPL,Technology,168.38,171.11,169.0,169.11,1039038952
2022-05-20,AAPL,Technology,170.05,172.21,170.54,170.8,243006836
2022-05-23,AAPL,Technology,174.18,176.35,171.75,173.69,350432518
2022-05-24,AAPL,Technology,172.27,173.04,171.03,172.22,320221961
2022-05-25,AAPL,Technology,172.33,173.18,172.78,173.11,363617967
2022-05-26,AAPL,Technology,175.61,176.22,174.15,175.52,706400956
2022-05-27,AAPL,Technology,170.78,171.04,169.4,170.3,331245523
2022-05-30,AAPL,Technology,165.03,166.96,164.75,164.82,308688022
2022-05-31,AAPL,Technology,165.75,168.98,166.67,166.76,350223453
2022-06-01,AAPL,Technology,167.79,168.1,166.44,166.95,363596053
2022-06-02,AAPL,Technology,170.74,171.05,168.8,169.51,140986930
2022-06-03,AAPL,Technology,167.44,167.91,166.86,167.13,358703753
2022-06-06,AAPL,Technology,167.66,167.65,165.88,167.44,574379755
2022-06-07,AAPL,Technology,166.58,166.9,165.68,166.25,393073729
2022-06-08,AAPL,Technology,166.9,169.95,166.01,167.17,884565357
2022-06-09,AAPL,Technology,164.44,168.7,164.65,165.99,406967243
2022-06-10,AAPL,Technology,165.92,168.32,165.66,166.1,734501643
2022-06-13,AAPL,Technology,158.36,159.84,158.55,159.54,859513441
2022-06-14,AAPL,Technology,162.38,161.09,159.74,160.56,531350867
2022-06-15,AAPL,Technology,161.99,161.91,160.23,161.32,316222958
2022-06-16,AAPL,Technology,161.85,162.2,160.96,161.58,815058112
2022-06-17,AAPL,Technology,159.79,160.49,158.89,160.14,585894470
2022-06-20,AAPL,Technology,163.47,163.57,161.24,162.37,596576149
2022-06-21,AAPL,Technology,166.41,168.95,166.24,167.91,1025065300
2022-06-22,AAPL,Technology,168.98,170.01,169.55,169.94,1648078646
2022-06-23,AAPL,Technology,170.79,170.53,169.39,170.38,542632043
2022-06-24,AAPL,Technology,169.14,168.64,165.48,168.01,1076082870
2022-06-27,AAPL,Technology,166.56,167.83,166.35,166.51,838475365
2022-06-28,AAPL,Technology,161.15,163.47,161.29,161.49,292491982
2022-06-29,AAPL,Technology,155.72,157.76,156.64,156.73,253902429
2022-06-30,AAPL,Technology,154.66,157.91,155.5,155.83,429069070
2022-07-01,AAPL,Technology,154.93,158.46,155.04,155.11,687177497
2022-07-04,AAPL,Technology,159.43,161.76,159.97,160.32,1756659623
2022-07-05,AAPL,Technology,160.7,160.56,160.51,160.54,451379855
2022-07-06,AAPL,Technology,158.5,159.62,158.89,158.93,339701248
2022-07-07,AAPL,Technology,157.17,159.61,157.36,159.28,837350606
2022-07-08,AAPL,Technology,162.6,165.6,162.45,162.9,240022722
2022-07-11,AAPL,Technology,161.42,162.1,158.42,160.67,916229601
2022-07-12,AAPL,Technology,163.2,164.27,162.12,162.8,263334618
2022-07-13,AAPL,Technology,165.53,165.26,164.45,164.94,605843134
2022-07-14,AAPL,Technology,164.42,165.44,162.5,163.92,652649395
2022-07-15,AAPL,Technology,163.81,163.48,161.42,163.06,442322110
2022-07-18,AAPL,Technology,160.43,162.93,160.66,161.57,222777798
2022-07-19,AAPL,Technology,161.68,165.06,161.09,163.38,1133105787
2022-07-20,AAPL,Technology,164.38,164.18,163.34,164.05,476121032
2022-07-21,AAPL,Technology,167.05,167.51,167.16,167.36,471545986
2022-07-22,AAPL,Technology,168.96,170.64,166.52,168.34,528436243
2022-07-25,AAPL,Technology,167.38,167.85,167.36,167.83,328762984
2022-07-26,AAPL,Technology,167.04,169.79,167.92,168.47,811648415
2022-07-27,AAPL,Technology,171.37,170.3,168.62,169.95,805670197
2022-07-28,AAPL,Technology,164.4,166.06,163.55,164.37,628489267
2022-07-29,AAPL,Technology,161.78,162.52,161.3,162.28,240124825
2022-08-01,AAPL,Technology,160.47,161.35,158.38,159.63,301807681
2022-08-02,AAPL,Technology,166.52,167.9,166.99,167.24,688588866
2022-08-03,AAPL,Technology,165.48,165.72,162.17,165.56,861888666
2022-08-04,AAPL,Technology,163.0,163.56,161.19,163.51,1200764505
2022-08-05,AAPL,Technology,166.45,166.39,164.8,165.64,662085315
2022-08-08,AAPL,Technology,160.95,161.95,160.69,161.01,661708740
2022-08-09,AAPL,Technology,162.07,163.3,161.08,161.57,641869277
2022-08-10,AAPL,Technology,164.71,165.87,164.16,164.77,211454316
2022-08-11,AAPL,Technology,165.03,166.37,165.73,166.09,282579851
2022-08-12,AAPL,Technology,169.31,169.34,168.36,169.29,492437481
2022-08-15,AAPL,Technology,171.8,172.91,172.07,172.2,390427123
2022-08-16,AAPL,Technology,172.37,171.6,170.64,171.29,310190241
2022-08-17,AAPL,Technology,170.93,171.37,168.79,170.77,812740371
2022-08-18,AAPL,Technology,166.32,166.61,165.07,166.25,826524557
2022-08-19,AAPL,Technology,164.45,166.61,161.72,164.75,388284446
2022-08-22,AAPL,Technology,168.76,171.25,168.41,169.11,421406167
2022-08-23,AAPL,Technology,164.44,166.28,163.74,165.07,476823784
2022-08-24,AAPL,Technology,166.63,167.87,164.49,165.82,435935815
2022-08-25,AAPL,Technology,166.04,166.61,164.23,165.72,527271473
2022-08-26,AAPL,Technology,166.7,167.62,163.95,167.24,372036126
2022-08-29,AAPL,Technology,166.39,166.15,164.57,165.41,987070599
2022-08-30,AAPL,Technology,163.31,164.85,163.14,163.76,665777380
2022-08-31,AAPL,Technology,165.89,166.4,162.37,164.41,357128298
2022-09-01,AAPL,Technology,163.85,163.68,162.87,163.31,1325561883
2022-09-02,AAPL,Technology,162.24,163.88,161.04,162.84,477195354
2022-09-05,AAPL,Technology,168.13,168.85,167.85,168.15,878913142
2022-09-06,AAPL,Technology,176.77,176.59,175.16,175.85,682276626
2022-09-07,AAPL,Technology,182.28,182.59,181.22,181.75,844581494
2022-09-08,AAPL,Technology,185.56,185.23,182.91,184.48,968326125
2022-09-09,AAPL,Technology,187.82,186.94,186.47,186.69,322473707
2022-09-12,AAPL,Technology,189.19,188.58,187.95,187.99,533809469
2022-09-13,AAPL,Technology,188.81,190.25,187.08,188.2,1430982862
2022-09-14,AAPL,Technology,188.69,187.54,186.84,187.22,462590251
2022-09-15,AAPL,Technology,187.79,189.13,187.93,188.21,534608358
2022-09-16,AAPL,Technology,191.23,193.48,191.7,191.91,881841872
2022-09-19,AAPL,Technology,188.16,187.54,186.14,186.7,469474653
2022-09-20,AAPL,Technology,182.86,187.67,182.75,184.89,604557428
2022-09-21,AAPL,Technology,183.5,184.77,182.24,183.28,365932952
2022-09-22,AAPL,Technology,179.02,180.36,178.18,179.11,1221467080
2022-09-23,AAPL,Technology,175.67,177.86,174.74,175.71,547936369
2022-09-26,AAPL,Technology,176.27,175.49,173.25,175.0,465640488
2022-09-27,AAPL,Technology,179.08,179.06,177.92,178.57,606887673
2022-09-28,AAPL,Technology,181.33,182.61,180.41,180.69,463878003
2022-09-29,AAPL,Technology,185.39,186.43,182.76,185.43,237247023
2022-09-30,AAPL,Technology,185.31,186.93,184.66,185.91,388152275
2022-10-03,AAPL,Technology,178.22,180.3,176.16,179.65,709596692
2022-10-04,AAPL,Technology,182.2,182.86,180.83,182.24,484292068
2022-10-05,AAPL,Technology,178.3,180.64,177.24,178.5,491731266
2022-10-06,AAPL,Technology,178.61,182.15,178.87,179.22,294029304
2022-10-07,AAPL,Technology,177.86,180.93,177.45,178.37,645987938
2022-10-10,AAPL,Technology,182.32,184.27,182.83,182.91,687870847
2022-10-11,AAPL,Technology,185.23,185.58,183.33,184.26,371248569
2022-10-12,AAPL,Technology,188.04,188.99,185.56,188.69,1155711376
2022-10-13,AAPL,Technology,189.11,190.4,188.68,189.42,599785694
2022-10-14,AAPL,Technology,193.31,192.13,191.22,191.26,1150855694
2022-10-17,AAPL,Technology,193.41,192.87,192.63,192.82,290933046
2022-10-18,AAPL,Technology,192.6,194.54,191.37,191.98,381036896
2022-10-19,AAPL,Technology,197.7,199.41,195.16,197.48,818962744
2022-10-20,AAPL,Technology,203.48,204.27,201.77,203.52,445045174
2022-10-21,AAPL,Technology,208.35,207.9,204.21,206.82,967325569
2022-10-24,AAPL,Technology,204.82,205.2,203.75,204.55,368461734
2022-10-25,AAPL,Technology,202.69,202.18,200.25,202.14,403099034
2022-10-26,AAPL,Technology,203.23,209.68,203.13,205.01,404749748
2022-10-27,AAPL,Technology,200.47,203.02,199.07,200.94,576941793
2022-10-28,AAPL,Technology,199.54,201.6,200.71,200.83,798410480
2022-10-31,AAPL,Technology,200.6,201.59,198.42,199.11,742186317
2022-11-01,AAPL,Technology,199.97,198.47,197.41,197.92,587253843
2022-11-02,AAPL,Technology,199.25,201.15,199.13,199.51,439797554
2022-11-03,AAPL,Technology,199.36,199.37,198.15,199.31,699810427
2022-11-04,AAPL,Technology,199.99,199.21,195.9,199.08,576937348
2022-11-07,AAPL,Technology,202.58,207.41,199.33,202.72,844361609
2022-11-08,AAPL,Technology,198.36,199.96,197.31,198.98,1263328418
2022-11-09,AAPL,Technology,198.85,198.7,196.98,198.36,523061419
2022-11-10,AAPL,Technology,199.92,203.56,199.63,199.72,820420193
2022-11-11,AAPL,Technology,202.59,205.69,202.72,203.76,1097955626
2022-11-14,AAPL,Technology,199.55,200.1,198.41,199.61,571846527
2022-11-15,AAPL,Technology,201.28,201.51,198.24,200.83,429409549
2022-11-16,AAPL,Technology,204.98,206.32,202.37,204.37,688886008
2022-11-17,AAPL,Technology,203.47,205.58,203.1,203.34,444946268
2022-11-18,AAPL,Technology,205.08,205.24,201.11,203.46,317668621
2022-11-21,AAPL,Technology,198.57,203.33,198.87,199.89,1102677974
2022-11-22,AAPL,Technology,204.58,204.7,199.91,203.58,412432992
2022-11-23,AAPL,Technology,192.88,198.05,192.32,194.48,808980374
2022-11-24,AAPL,Technology,203.69,205.33,202.17,203.08,743372467
2022-11-25,AAPL,Technology,205.85,206.38,205.75,205.92,332788498
2022-11-28,AAPL,Technology,203.93,207.72,204.78,204.94,279414064
2022-11-29,AAPL,Technology,204.05,207.95,204.15,205.66,295797581
2022-11-30,AAPL,Technology,209.78,210.85,208.83,209.21,298962221
2022-12-01,AAPL,Technology,210.0,211.91,208.66,209.67,218763792
2022-12-02,AAPL,Technology,211.63,211.43,210.46,211.39,959641384
2022-12-05,AAPL,Technology,212.51,212.66,211.73,211.93,497163764
2022-12-06,AAPL,Technology,210.66,213.34,211.03,212.15,1163604522
2022-12-07,AAPL,Technology,208.39,208.62,206.27,207.47,418641356
2022-12-08,AAPL,Technology,211.3,213.33,211.71,212.19,1418086924
2022-12-09,AAPL,Technology,208.15,208.23,206.66,207.72,442236856
2022-12-12,AAPL,Technology,208.29,207.37,207.05,207.29,1465205731
2022-12-13,AAPL,Technology,207.92,207.52,205.13,205.27,324618990
2022-12-14,AAPL,Technology,211.99,214.23,210.46,211.39,1095195049
2022-12-15,AAPL,Technology,208.95,210.36,209.04,210.01,350671774
2022-12-16,AAPL,Technology,205.69,205.51,204.18,205.45,222859520
2022-12-19,AAPL,Technology,207.12,208.11,203.44,206.73,896343704
2022-12-20,AAPL,Technology,201.58,205.0,201.62,202.3,471823466
2022-12-21,AAPL,Technology,203.45,204.51,203.51,204.39,528038846
2022-12-22,AAPL,Technology,198.52,199.43,197.81,199.25,900127148
2022-12-23,AAPL,Technology,202.9,204.21,201.45,203.22,889836993
2022-12-26,AAPL,Technology,204.0,207.58,203.16,203.8,415686433
2022-12-27,AAPL,Technology,205.33,204.6,203.2,204.35,327502180
2022-12-28,AAPL,Technology,198.42,202.45,198.71,199.52,165346644
2022-12-29,AAPL,Technology,201.82,204.98,200.96,200.97,505427255
2022-12-30,AAPL,Technology,200.94,202.15,200.21,200.68,569830156
2023-01-02,AAPL,Technology,197.57,199.9,198.05,198.32,634441042
2023-01-03,AAPL,Technology,196.23,195.22,195.16,195.18,615133033
2023-01-04,AAPL,Technology,195.69,196.42,192.98,195.15,487683071
2023-01-05,AAPL,Technology,190.02,192.22,190.13,190.6,441864728
2023-01-06,AAPL,Technology,191.31,191.66,190.74,190.85,501060398
2023-01-09,AAPL,Technology,183.01,185.5,183.91,184.12,654881175
2023-01-10,AAPL,Technology,190.66,191.09,188.92,189.25,522603562
2023-01-11,AAPL,Technology,187.79,189.08,187.7,188.16,528317565
2023-01-12,AAPL,Technology,189.88,188.76,188.1,188.76,779978620
2023-01-13,AAPL,Technology,182.51,187.52,182.39,183.77,433593188
2023-01-16,AAPL,Technology,180.64,182.55,179.17,179.95,363665410
2023-01-17,AAPL,Technology,170.34,172.36,171.08,171.61,531747845
2023-01-18,AAPL,Technology,170.78,172.41,171.45,171.62,882514476
2023-01-19,AAPL,Technology,170.8,171.22,169.9,171.18,311714618
2023-01-20,AAPL,Technology,169.32,173.04,168.82,170.7,1012395522
2023-01-23,AAPL,Technology,169.59,171.02,168.69,170.11,1208934048
2023-01-24,AAPL,Technology,171.71,172.9,169.26,172.23,703126717
2023-01-25,AAPL,Technology,173.24,175.02,171.05,173.21,332879481
2023-01-26,AAPL,Technology,174.82,175.65,171.88,174.7,404167205
2023-01-27,AAPL,Technology,176.38,177.22,173.97,175.33,349338827
2023-01-30,AAPL,Technology,172.7,172.82,170.45,172.08,798323005
2023-01-31,AAPL,Technology,169.51,171.72,167.75,169.79,427978488
2023-02-01,AAPL,Technology,175.78,174.67,173.26,173.9,351683044
2023-02-02,AAPL,Technology,178.21,176.93,176.47,176.85,625409928
2023-02-03,AAPL,Technology,177.87,180.15,178.1,178.62,287747927
2023-02-06,AAPL,Technology,172.16,175.19,170.83,172.35,422454940
2023-02-07,AAPL,Technology,172.85,174.49,172.16,173.36,446271979
2023-02-08,AAPL,Technology,174.72,174.64,172.05,174.29,700593851
2023-02-09,AAPL,Technology,175.28,178.08,176.17,176.42,592489657
2023-02-10,AAPL,Technology,175.49,175.15,173.59,174.41,490352848
2023-02-13,AAPL,Technology,177.71,177.82,175.09,175.43,643707393
2023-02-14,AAPL,Technology,171.02,170.95,169.4,169.92,679311725
2023-02-15,AAPL,Technology,168.83,171.21,169.27,169.55,362936438
2023-02-16,AAPL,Technology,170.37,173.69,170.86,171.4,605945941
2023-02-17,AAPL,Technology,175.15,175.99,174.95,175.14,327680905
2023-02-20,AAPL,Technology,176.45,177.41,176.64,177.24,389849314
2023-02-21,AAPL,Technology,179.24,180.13,177.11,179.59,542849330
2023-02-22,AAPL,Technology,181.27,184.74,180.09,182.66,912129060
2023-02-23,AAPL,Technology,181.07,184.61,180.09,180.9,1048949449
2023-02-24,AAPL,Technology,188.45,190.58,185.68,187.49,652462010
2023-02-27,AAPL,Technology,190.17,191.01,188.93,190.17,445589057
2023-02-28,AAPL,Technology,188.76,189.73,187.24,188.68,1015619939
2023-03-01,AAPL,Technology,183.13,185.14,183.8,184.86,465517224
2023-03-02,AAPL,Technology,183.56,186.74,183.58,184.51,1226028944
2023-03-03,AAPL,Technology,187.71,189.5,188.28,188.62,402778206
2023-03-06,AAPL,Technology,191.9,195.27,190.0,192.37,277183772
2023-03-07,AAPL,Technology,192.77,195.65,192.42,192.92,384318329
2023-03-08,AAPL,Technology,186.34,188.21,186.64,187.44,115394689
2023-03-09,AAPL,Technology,186.97,190.06,184.91,187.4,359021908
2023-03-10,AAPL,Technology,189.76,190.55,188.58,189.04,896014014
2023-03-13,AAPL,Technology,187.97,189.06,187.43,188.75,433221868
2023-03-14,AAPL,Technology,191.48,191.45,188.84,190.06,423658472
2023-03-15,AAPL,Technology,190.88,191.18,186.36,190.04,701282913
2023-03-16,AAPL,Technology,187.66,189.24,188.36,189.14,372397973
2023-03-17,AAPL,Technology,190.6,193.82,191.45,191.9,612595245
2023-03-20,AAPL,Technology,191.13,194.31,190.05,191.83,323553093
2023-03-21,AAPL,Technology,192.64,194.35,191.02,192.58,601181984
2023-03-22,AAPL,Technology,194.24,195.32,194.47,195.04,506518771
2023-03-23,AAPL,Technology,192.2,195.81,190.67,191.34,148862524
2023-03-24,AAPL,Technology,187.94,188.85,184.82,187.92,337136526
2023-03-27,AAPL,Technology,186.61,189.42,186.39,187.36,381121293
2023-03-28,AAPL,Technology,184.49,184.38,181.8,184.2,427653244
2023-03-29,AAPL,Technology,183.21,185.58,181.99,183.28,443301216
2023-03-30,AAPL,Technology,193.46,194.34,192.71,193.87,861532083
2023-03-31,AAPL,Technology,193.68,196.56,192.9,194.33,1237858723
2023-04-03,AAPL,Technology,198.23,198.87,196.13,198.16,743133926
2023-04-04,AAPL,Technology,200.98,201.31,198.92,199.95,410387475
2023-04-05,AAPL,Technology,200.61,200.08,197.89,198.56,284497078
2023-04-06,AAPL,Technology,199.15,200.95,198.58,198.7,285229088
2023-04-07,AAPL,Technology,201.49,200.6,198.72,200.3,1770949749
2023-04-10,AAPL,Technology,202.09,202.97,202.13,202.45,574632877
2023-04-11,AAPL,Technology,200.42,201.7,199.31,201.43,857849539
2023-04-12,AAPL,Technology,205.64,206.46,202.77,206.27,927958224
2023-04-13,AAPL,Technology,207.11,207.89,205.41,206.24,637692521
2023-04-14,AAPL,Technology,204.47,206.02,204.77,205.42,1088087978
2023-04-17,AAPL,Technology,205.31,206.28,201.8,204.29,390988944
2023-04-18,AAPL,Technology,206.17,205.87,204.35,205.83,269069455
2023-04-19,AAPL,Technology,210.59,211.08,209.96,210.3,426254657
2023-04-20,AAPL,Technology,211.15,213.39,211.1,212.58,516812030
2023-04-21,AAPL,Technology,220.63,221.82,218.87,220.06,530744285
2023-04-24,AAPL,Technology,222.75,222.38,220.39,221.52,595498440
2023-04-25,AAPL,Technology,220.48,221.81,217.27,220.62,298039130
2023-04-26,AAPL,Technology,226.04,225.3,221.17,225.09,371231311
2023-04-27,AAPL,Technology,225.58,225.38,224.44,224.79,390233881
2023-04-28,AAPL,Technology,227.63,227.4,225.59,226.93,303921696
2023-05-01,AAPL,Technology,231.86,232.43,229.94,231.43,1216315249
2023-05-02,AAPL,Technology,230.22,231.22,230.54,230.57,723760396
2023-05-03,AAPL,Technology,225.0,225.82,222.02,223.93,1141154933
2023-05-04,AAPL,Technology,224.88,223.88,223.45,223.58,305152873
2023-05-05,AAPL,Technology,224.82,226.36,223.71,224.61,800320672
2023-05-08,AAPL,Technology,211.79,214.9,212.63,213.74,626463643
2023-05-09,AAPL,Technology,220.86,219.33,217.42,219.09,936310047
2023-05-10,AAPL,Technology,223.82,226.97,225.49,225.63,429000548
2023-05-11,AAPL,Technology,222.41,226.13,221.96,222.27,639209419
2023-05-12,AAPL,Technology,222.73,225.53,221.4,222.51,334706540
2023-05-15,AAPL,Technology,216.82,218.35,217.23,217.29,343188188
2023-05-16,AAPL,Technology,212.66,212.0,209.3,211.86,505581533
2023-05-17,AAPL,Technology,206.69,206.87,205.12,206.36,948341495
2023-05-18,AAPL,Technology,200.13,199.64,199.2,199.46,539740115
2023-05-19,AAPL,Technology,197.88,197.32,195.56,196.82,490362673
2023-05-22,AAPL,Technology,202.07,203.71,202.46,203.61,196944035
2023-05-23,AAPL,Technology,196.3,198.29,197.06,197.87,759005177
2023-05-24,AAPL,Technology,197.09,196.44,193.68,196.21,424208092
2023-05-25,AAPL,Technology,192.91,196.44,192.01,193.12,296159949
2023-05-26,AAPL,Technology,192.09,192.84,192.37,192.72,527852441
2023-05-29,AAPL,Technology,194.21,196.0,192.12,194.31,489759401
2023-05-30,AAPL,Technology,197.13,197.21,195.34,196.84,357191036
2023-05-31,AAPL,Technology,198.15,200.0,198.01,198.18,437217600
2023-06-01,AAPL,Technology,197.88,200.76,196.92,197.79,525535444
2023-06-02,AAPL,Technology,195.13,196.15,192.84,194.19,600694582
2023-06-05,AAPL,Technology,192.87,194.71,190.15,191.99,800135110
2023-06-06,AAPL,Technology,190.0,191.84,189.35,189.73,552608813
2023-06-07,AAPL,Technology,187.67,190.55,188.12,189.32,931372741
2023-06-08,AAPL,Technology,182.71,185.23,182.06,183.72,395077638
2023-06-09,AAPL,Technology,180.82,180.42,179.67,180.11,934156343
2023-06-12,AAPL,Technology,183.14,185.52,184.38,184.69,324262835
2023-06-13,AAPL,Technology,187.4,190.39,186.1,187.96,478801718
2023-06-14,AAPL,Technology,188.51,190.18,188.32,188.96,481671962
2023-06-15,AAPL,Technology,190.77,190.88,190.21,190.88,464196503
2023-06-16,AAPL,Technology,190.19,190.05,187.24,189.66,418530297
2023-06-19,AAPL,Technology,192.45,192.61,190.29,192.1,459821499
2023-06-20,AAPL,Technology,192.55,196.14,191.96,193.7,521109915
2023-06-21,AAPL,Technology,200.3,203.37,198.78,199.8,197149155
2023-06-22,AAPL,Technology,197.74,199.16,196.93,197.91,383156741
2023-06-23,AAPL,Technology,191.15,192.06,189.28,190.92,1368582452
2023-06-26,AAPL,Technology,188.85,191.62,187.39,187.82,1291633750
2023-06-27,AAPL,Technology,183.62,184.45,183.03,183.72,1820126194
2023-06-28,AAPL,Technology,179.77,179.16,178.13,178.8,509526069
2023-06-29,AAPL,Technology,179.54,180.41,179.46,179.85,662006508
2023-06-30,AAPL,Technology,179.71,179.24,178.66,178.7,472856793
2023-07-03,AAPL,Technology,172.49,174.8,171.8,173.05,360199770
2023-07-04,AAPL,Technology,178.32,180.42,172.93,177.39,542457043
2023-07-05,AAPL,Technology,177.84,177.67,176.53,177.26,640527256
2023-07-06,AAPL,Technology,177.43,177.88,177.39,177.6,855233465
2023-07-07,AAPL,Technology,179.73,183.78,178.61,179.55,480647937
2023-07-10,AAPL,Technology,177.66,179.96,177.0,178.35,594675325
2023-07-11,AAPL,Technology,176.04,177.22,174.41,175.29,781372481
2023-07-12,AAPL,Technology,176.39,177.99,176.23,176.96,602116359
2023-07-13,AAPL,Technology,180.2,180.64,177.85,179.56,578369851
2023-07-14,AAPL,Technology,182.92,183.11,181.78,183.07,334299774
2023-07-17,AAPL,Technology,180.63,181.11,179.76,180.9,188233292
2023-07-18,AAPL,Technology,182.25,181.65,180.47,181.65,775318963
2023-07-19,AAPL,Technology,175.62,177.53,175.37,176.45,734527079
2023-07-20,AAPL,Technology,176.45,176.26,173.07,175.89,261088712
2023-07-21,AAPL,Technology,174.98,176.52,174.21,176.13,107203978
2023-07-24,AAPL,Technology,176.95,179.31,175.01,176.77,379430463
2023-07-25,AAPL,Technology,179.84,180.78,178.7,179.39,824349339
2023-07-26,AAPL,Technology,188.33,188.94,187.59,188.35,200327091
2023-07-27,AAPL,Technology,186.2,186.66,185.27,186.05,321590653
2023-07-28,AAPL,Technology,189.55,189.86,189.85,189.86,524310876
2023-07-31,AAPL,Technology,192.45,194.08,191.73,192.74,247535493
2023-08-01,AAPL,Technology,190.21,190.68,188.63,189.96,534474701
2023-08-02,AAPL,Technology,192.82,193.13,192.32,192.92,554003285
2023-08-03,AAPL,Technology,192.31,194.68,190.75,190.96,770929664
2023-08-04,AAPL,Technology,194.52,196.25,194.19,194.33,356260959
2023-08-07,AAPL,Technology,193.15,194.24,191.42,193.28,387375617
2023-08-08,AAPL,Technology,191.12,194.27,191.11,193.34,368419051
2023-08-09,AAPL,Technology,188.73,189.92,188.93,189.15,1002972338
2023-08-10,AAPL,Technology,189.24,190.78,189.38,190.32,815698935
2023-08-11,AAPL,Technology,188.64,191.14,188.49,190.12,730284563
2023-08-14,AAPL,Technology,192.54,192.85,190.13,191.47,267677660
2023-08-15,AAPL,Technology,196.86,198.61,196.18,197.18,655949075
2023-08-16,AAPL,Technology,194.33,195.57,195.25,195.31,702680013
2023-08-17,AAPL,Technology,191.09,193.92,192.03,193.57,440969433
2023-08-18,AAPL,Technology,201.77,203.3,202.0,202.03,490645753
2023-08-21,AAPL,Technology,204.81,206.01,202.26,204.08,694771006
2023-08-22,AAPL,Technology,206.36,205.79,204.65,205.75,406453319
2023-08-23,AAPL,Technology,202.43,203.86,201.17,203.69,232927398
2023-08-24,AAPL,Technology,204.61,204.44,204.07,204.36,433932206
2023-08-25,AAPL,Technology,209.79,212.59,208.51,209.9,213341685
2023-08-28,AAPL,Technology,209.54,212.08,209.26,209.3,258373718
2023-08-29,AAPL,Technology,208.36,207.66,206.51,207.04,641195865
2023-08-30,AAPL,Technology,204.11,203.36,202.15,202.96,1069300296
2023-08-31,AAPL,Technology,199.08,200.6,197.3,199.31,612573312
2023-09-01,AAPL,Technology,203.07,203.03,202.39,202.91,319551353
2023-09-04,AAPL,Technology,212.74,213.31,210.29,210.6,486817526
2023-09-05,AAPL,Technology,211.39,210.55,209.64,209.95,160542464
2023-09-06,AAPL,Technology,215.34,218.26,215.34,215.8,651166960
2023-09-07,AAPL,Technology,208.23,210.44,206.27,209.66,533437826
2023-09-08,AAPL,Technology,206.56,207.93,207.19,207.23,619198304
2023-09-11,AAPL,Technology,212.63,214.35,212.79,214.02,300747563
2023-09-12,AAPL,Technology,215.56,218.47,215.29,215.9,484993333
2023-09-13,AAPL,Technology,210.63,212.13,209.62,211.11,383549377
2023-09-14,AAPL,Technology,214.41,212.92,212.07,212.18,428793989
2023-09-15,AAPL,Technology,210.69,211.97,209.62,210.88,350655031
2023-09-18,AAPL,Technology,213.94,218.41,214.92,215.96,802912937
2023-09-19,AAPL,Technology,214.31,214.71,210.0,213.36,264781108
2023-09-20,AAPL,Technology,215.79,216.25,214.58,216.23,683788507
2023-09-21,AAPL,Technology,215.01,217.72,213.28,216.71,1089087784
2023-09-22,AAPL,Technology,216.97,218.74,214.87,217.18,769171912
2023-09-25,AAPL,Technology,216.73,219.37,214.23,216.75,259379624
2023-09-26,AAPL,Technology,215.39,219.78,217.49,218.23,535908541
2023-09-27,AAPL,Technology,218.83,220.72,217.83,220.01,681705328
2023-09-28,AAPL,Technology,224.23,228.0,224.22,224.8,465786840
2023-09-29,AAPL,Technology,226.31,227.15,225.05,226.27,281706703
2023-10-02,AAPL,Technology,222.66,223.12,219.88,221.92,611420591
2023-10-03,AAPL,Technology,214.04,216.26,213.04,215.09,384632106
2023-10-04,AAPL,Technology,216.3,218.3,216.51,216.94,987991775
2023-10-05,AAPL,Technology,222.9,225.55,223.65,223.8,320302941
2023-10-06,AAPL,Technology,226.71,226.73,223.44,225.97,228823117
2023-10-09,AAPL,Technology,230.61,232.16,229.61,230.32,1315961935
2023-10-10,AAPL,Technology,243.93,244.46,242.92,243.28,756208517
2023-10-11,AAPL,Technology,242.55,245.42,241.5,241.95,676851276
2023-10-12,AAPL,Technology,243.18,245.49,242.65,243.86,279894382
2023-10-13,AAPL,Technology,247.92,247.39,244.96,245.86,483809595
2023-10-16,AAPL,Technology,249.76,251.07,248.12,248.89,741770946
2023-10-17,AAPL,Technology,247.21,247.79,244.64,247.65,757240590
2023-10-18,AAPL,Technology,250.3,251.29,250.19,250.29,348740771
2023-10-19,AAPL,Technology,252.85,254.37,252.52,253.51,165309253
2023-10-20,AAPL,Technology,259.49,259.59,256.81,258.6,398809206
2023-10-23,AAPL,Technology,261.81,264.91,262.17,263.61,889323832
2023-10-24,AAPL,Technology,262.57,265.71,264.62,264.93,595151412
2023-10-25,AAPL,Technology,261.54,262.91,256.93,260.1,354198590
2023-10-26,AAPL,Technology,265.86,268.5,263.7,267.35,900000439
2023-10-27,AAPL,Technology,267.35,267.85,266.34,266.68,848261405
2023-10-30,AAPL,Technology,273.15,274.51,270.81,273.72,552597393
2023-10-31,AAPL,Technology,268.99,271.11,268.31,269.05,493186766
2023-11-01,AAPL,Technology,266.64,265.95,263.5,265.46,814125156
2023-11-02,AAPL,Technology,255.88,258.63,253.64,256.72,465340993
2023-11-03,AAPL,Technology,250.35,251.94,248.09,250.1,502281947
2023-11-06,AAPL,Technology,246.59,247.27,245.84,246.92,1120147315
2023-11-07,AAPL,Technology,253.98,255.58,251.27,252.95,273241985
2023-11-08,AAPL,Technology,255.58,259.92,254.45,256.76,806997181
2023-11-09,AAPL,Technology,258.59,259.23,257.39,258.09,249948120
2023-11-10,AAPL,Technology,262.97,265.49,262.55,263.03,225638845
2023-11-13,AAPL,Technology,267.04,266.76,265.41,265.55,410530746
2023-11-14,AAPL,Technology,268.09,270.51,268.27,268.32,543018507
2023-11-15,AAPL,Technology,266.04,266.9,264.86,266.62,217283052
2023-11-16,AAPL,Technology,276.05,278.14,272.25,275.1,377285447
2023-11-17,AAPL,Technology,275.4,277.13,275.97,276.48,343510924
2023-11-20,AAPL,Technology,271.03,273.82,271.86,272.01,682331407
2023-11-21,AAPL,Technology,280.07,280.67,278.84,279.37,614304404
2023-11-22,AAPL,Technology,278.1,281.5,278.76,279.84,749246079
2023-11-23,AAPL,Technology,285.36,286.13,284.3,284.39,436956012
2023-11-24,AAPL,Technology,287.96,295.45,288.14,289.97,564758801
2023-11-27,AAPL,Technology,291.85,294.36,290.4,293.82,686048794
2023-11-28,AAPL,Technology,289.59,294.7,286.07,290.7,368599568
2023-11-29,AAPL,Technology,295.33,296.2,295.18,295.29,185796662
2023-11-30,AAPL,Technology,297.44,296.93,294.14,295.3,258846700
2023-12-01,AAPL,Technology,300.9,300.38,299.04,299.72,575083408
2023-12-04,AAPL,Technology,301.96,305.23,302.08,302.88,282002004
2023-12-05,AAPL,Technology,296.46,305.52,295.5,298.47,250450291
2023-12-06,AAPL,Technology,300.77,302.47,299.83,301.15,455667014
2023-12-07,AAPL,Technology,302.67,303.23,297.64,303.02,316963373
2023-12-08,AAPL,Technology,303.59,311.33,303.17,304.07,769230137
2023-12-11,AAPL,Technology,309.96,307.83,305.31,306.8,275626096
2023-12-12,AAPL,Technology,308.09,311.8,308.13,309.51,393785378
2023-12-13,AAPL,Technology,306.04,310.36,305.69,307.96,498675955
2023-12-14,AAPL,Technology,303.65,307.18,303.59,304.12,1632467063
2023-12-15,AAPL,Technology,308.14,309.96,305.19,306.58,1378444306
2023-12-18,AAPL,Technology,298.5,302.4,293.46,297.92,314298470
2023-12-19,AAPL,Technology,301.37,307.22,300.87,300.87,770180198
2023-12-20,AAPL,Technology,295.85,295.68,293.29,295.47,310075644
2023-12-21,AAPL,Technology,294.65,295.73,291.86,293.39,431461877
2023-12-22,AAPL,Technology,293.61,297.08,292.98,293.68,1798819665
2023-12-25,AAPL,Technology,288.29,291.26,285.59,287.89,1168878106
2023-12-26,AAPL,Technology,291.68,290.81,289.78,289.91,839430813
2023-12-27,AAPL,Technology,285.58,289.75,286.26,286.73,469997396
2023-12-28,AAPL,Technology,293.29,294.27,293.1,293.2,741522038
2023-12-29,AAPL,Technology,283.12,282.8,280.95,281.43,379379953
2022-01-03,MSFT,Technology,323.11,326.65,323.39,325.04,355070637
2022-01-04,MSFT,Technology,325.63,325.75,318.46,324.18,917751780
2022-01-05,MSFT,Technology,327.65,330.64,327.13,327.66,654509851
2022-01-06,MSFT,Technology,332.02,333.2,331.04,331.26,1004656130
2022-01-07,MSFT,Technology,337.46,337.21,334.87,335.09,595481808
2022-01-10,MSFT,Technology,329.84,334.29,328.73,330.58,381741225
2022-01-11,MSFT,Technology,332.76,333.47,331.72,332.24,1135091029
2022-01-12,MSFT,Technology,336.29,338.56,335.49,338.04,591968229
2022-01-13,MSFT,Technology,346.79,348.53,345.57,347.93,281370673
2022-01-14,MSFT,Technology,343.69,344.68,339.8,343.66,761757321
2022-01-17,MSFT,Technology,340.52,342.89,337.39,338.77,349174628
2022-01-18,MSFT,Technology,343.8,346.51,341.06,343.51,639774040
2022-01-19,MSFT,Technology,335.55,339.56,335.54,337.15,611608632
2022-01-20,MSFT,Technology,330.79,332.11,326.62,329.88,663351429
2022-01-21,MSFT,Technology,325.42,327.82,325.62,326.3,293011571
2022-01-24,MSFT,Technology,316.3,317.03,312.19,316.15,425287467
2022-01-25,MSFT,Technology,320.85,320.45,318.84,319.68,573649427
2022-01-26,MSFT,Technology,322.61,322.6,317.44,321.39,659000200
2022-01-27,MSFT,Technology,316.05,316.88,316.16,316.26,573305896
2022-01-28,MSFT,Technology,324.6,326.4,320.2,323.6,942896105
2022-01-31,MSFT,Technology,327.37,328.54,320.45,325.7,549574168
2022-02-01,MSFT,Technology,330.66,331.63,331.18,331.24,1060182266
2022-02-02,MSFT,Technology,324.72,331.01,325.7,327.0,583073988
2022-02-03,MSFT,Technology,315.18,317.7,313.88,316.11,516080772
2022-02-04,MSFT,Technology,328.51,327.41,323.33,326.09,1294374747
2022-02-07,MSFT,Technology,325.0,328.85,322.71,326.21,380633330
2022-02-08,MSFT,Technology,331.27,337.22,331.23,332.73,1310311268
2022-02-09,MSFT,Technology,332.57,330.89,329.1,330.01,743580796
2022-02-10,MSFT,Technology,333.22,333.53,332.18,332.29,136962806
2022-02-11,MSFT,Technology,331.46,331.46,327.77,330.82,438015295
2022-02-14,MSFT,Technology,339.95,344.49,338.94,340.21,467554378
2022-02-15,MSFT,Technology,335.94,338.38,335.8,337.85,662383738
2022-02-16,MSFT,Technology,340.28,343.55,338.91,341.36,550634946
2022-02-17,MSFT,Technology,345.05,346.03,344.68,345.94,439771885
2022-02-18,MSFT,Technology,342.23,346.96,344.42,344.9,379522000
2022-02-21,MSFT,Technology,343.33,344.14,342.77,343.44,616593640
2022-02-22,MSFT,Technology,346.53,350.15,344.99,348.34,380272454
2022-02-23,MSFT,Technology,345.7,348.62,342.89,346.49,531234079
2022-02-24,MSFT,Technology,348.27,351.45,348.73,349.89,477598230
2022-02-25,MSFT,Technology,344.62,346.83,340.31,345.24,563993717
2022-02-28,MSFT,Technology,344.62,353.83,345.39,346.36,462551230
2022-03-01,MSFT,Technology,338.16,336.84,334.38,336.62,368602675
2022-03-02,MSFT,Technology,335.56,337.81,331.42,336.1,1212898178
2022-03-03,MSFT,Technology,341.25,341.89,339.57,340.58,185055013
2022-03-04,MSFT,Technology,336.77,341.45,339.02,339.16,472617889
2022-03-07,MSFT,Technology,350.16,351.98,348.33,348.51,403927712
2022-03-08,MSFT,Technology,338.65,341.62,334.87,339.11,429575474
2022-03-09,MSFT,Technology,341.33,342.73,333.19,337.59,448077781
2022-03-10,MSFT,Technology,337.3,343.4,335.27,339.28,540706827
2022-03-11,MSFT,Technology,332.41,335.0,331.19,333.43,370527657
2022-03-14,MSFT,Technology,330.97,332.81,327.68,330.6,892002573
2022-03-15,MSFT,Technology,329.92,329.87,327.38,327.99,534613073
2022-03-16,MSFT,Technology,326.41,326.56,322.43,325.3,595137871
2022-03-17,MSFT,Technology,324.66,325.97,321.5,323.79,896931679
2022-03-18,MSFT,Technology,319.65,321.77,315.24,320.59,477689039
2022-03-21,MSFT,Technology,316.48,318.39,314.33,316.02,441785704
2022-03-22,MSFT,Technology,305.49,309.97,303.32,304.8,122822106
2022-03-23,MSFT,Technology,301.87,303.72,299.09,302.45,587563270
2022-03-24,MSFT,Technology,303.55,308.39,301.36,303.23,625545307
2022-03-25,MSFT,Technology,321.9,327.74,317.92,322.37,560121595
2022-03-28,MSFT,Technology,322.76,323.32,320.76,322.23,227216337
2022-03-29,MSFT,Technology,325.46,327.28,323.24,326.19,909653766
2022-03-30,MSFT,Technology,324.72,324.43,321.61,323.5,683511383
2022-03-31,MSFT,Technology,333.33,333.63,331.38,333.16,927437431
2022-04-01,MSFT,Technology,329.33,331.39,328.92,329.43,507941195
2022-04-04,MSFT,Technology,333.47,331.17,330.29,330.86,794103880
2022-04-05,MSFT,Technology,337.16,336.78,333.17,335.56,751831957
2022-04-06,MSFT,Technology,340.75,345.23,342.94,343.57,398717796
2022-04-07,MSFT,Technology,348.82,350.45,347.36,349.15,570502730
2022-04-08,MSFT,Technology,342.52,343.08,334.64,342.84,214702386
2022-04-11,MSFT,Technology,352.22,351.73,348.26,349.56,301880481
2022-04-12,MSFT,Technology,361.48,362.12,358.76,359.44,279036524
2022-04-13,MSFT,Technology,352.93,356.53,353.3,354.8,894290776
2022-04-14,MSFT,Technology,350.22,354.44,351.83,353.44,555305338
2022-04-15,MSFT,Technology,346.14,342.92,338.98,342.73,765225684
2022-04-18,MSFT,Technology,344.35,346.89,341.09,343.42,536139645
2022-04-19,MSFT,Technology,345.47,348.48,342.95,344.97,212097425
2022-04-20,MSFT,Technology,337.85,340.11,339.52,339.77,1620237106
2022-04-21,MSFT,Technology,347.75,349.8,347.92,348.12,301427707
2022-04-22,MSFT,Technology,349.24,349.37,345.19,348.66,448926832
2022-04-25,MSFT,Technology,341.31,340.44,337.0,338.12,640831149
2022-04-26,MSFT,Technology,332.79,332.28,326.9,330.99,383341837
2022-04-27,MSFT,Technology,328.29,334.1,327.19,330.6,362378693
2022-04-28,MSFT,Technology,335.43,340.28,328.57,336.19,639291058
2022-04-29,MSFT,Technology,344.72,344.02,341.62,342.75,190493598
2022-05-02,MSFT,Technology,339.85,341.24,339.49,340.72,493592337
2022-05-03,MSFT,Technology,325.65,328.98,326.07,327.26,499686825
2022-05-04,MSFT,Technology,328.11,330.6,329.24,329.69,437546857
2022-05-05,MSFT,Technology,333.39,333.43,331.45,333.01,693529888
2022-05-06,MSFT,Technology,322.87,325.18,321.32,322.19,882812561
2022-05-09,MSFT,Technology,313.98,317.0,314.49,315.21,1155117939
2022-05-10,MSFT,Technology,309.12,312.37,310.48,310.99,398078445
2022-05-11,MSFT,Technology,311.83,313.49,312.43,312.66,227523672
2022-05-12,MSFT,Technology,314.72,318.78,314.32,314.36,685981609
2022-05-13,MSFT,Technology,310.59,312.27,307.57,308.07,336289684
2022-05-16,MSFT,Technology,317.5,319.09,315.72,317.13,428471889
2022-05-17,MSFT,Technology,321.51,323.68,318.23,323.31,442113468
2022-05-18,MSFT,Technology,321.84,325.16,321.85,325.01,521277959
2022-05-19,MSFT,Technology,316.32,317.58,315.42,315.66,314992226
2022-05-20,MSFT,Technology,322.01,324.9,320.71,322.22,648341837
2022-05-23,MSFT,Technology,320.37,320.85,314.46,318.67,336867004
2022-05-24,MSFT,Technology,321.33,323.92,319.14,320.61,190486489
2022-05-25,MSFT,Technology,312.84,315.46,313.98,314.74,589325584
2022-05-26,MSFT,Technology,317.76,316.59,314.19,316.1,1110086255
2022-05-27,MSFT,Technology,313.19,315.29,312.52,313.75,452501393
2022-05-30,MSFT,Technology,317.67,322.41,314.21,317.56,394943560
2022-05-31,MSFT,Technology,319.57,317.3,312.81,317.2,495294362
2022-06-01,MSFT,Technology,320.3,321.98,316.93,319.54,424396812
2022-06-02,MSFT,Technology,322.99,329.48,323.71,323.97,602218849
2022-06-03,MSFT,Technology,326.32,328.35,324.64,326.5,309874794
2022-06-06,MSFT,Technology,330.38,331.98,323.3,331.0,288650764
2022-06-07,MSFT,Technology,324.6,325.65,322.18,322.46,567409734
2022-06-08,MSFT,Technology,318.32,320.59,318.25,319.43,272409951
2022-06-09,MSFT,Technology,310.42,311.54,310.18,310.57,394061101
2022-06-10,MSFT,Technology,307.15,307.45,302.74,305.96,293941548
2022-06-13,MSFT,Technology,303.85,305.92,301.16,302.37,627851382
2022-06-14,MSFT,Technology,306.69,308.48,304.48,307.2,328451727
2022-06-15,MSFT,Technology,315.23,316.83,311.58,313.83,1211118440
2022-06-16,MSFT,Technology,310.9,313.64,306.17,311.87,225195591
2022-06-17,MSFT,Technology,302.02,304.3,298.02,302.58,603741445
2022-06-20,MSFT,Technology,305.51,304.6,303.03,303.57,301367741
2022-06-21,MSFT,Technology,301.72,302.23,298.37,300.37,607955751
2022-06-22,MSFT,Technology,308.48,309.03,302.06,306.15,700854595
2022-06-23,MSFT,Technology,313.81,319.14,313.64,314.97,695916097
2022-06-24,MSFT,Technology,310.85,311.65,306.37,309.77,559120466
2022-06-27,MSFT,Technology,306.15,307.03,301.92,304.97,475791475
2022-06-28,MSFT,Technology,305.91,307.93,300.42,303.02,255765665
2022-06-29,MSFT,Technology,304.31,306.48,300.97,304.03,775452872
2022-06-30,MSFT,Technology,305.79,311.16,300.12,304.18,445006359
2022-07-01,MSFT,Technology,308.38,309.11,306.22,308.03,191624689
2022-07-04,MSFT,Technology,312.74,311.83,309.5,311.09,583065402
2022-07-05,MSFT,Technology,313.77,314.12,310.15,311.92,994914839
2022-07-06,MSFT,Technology,312.65,310.94,308.58,310.83,676679571
2022-07-07,MSFT,Technology,320.95,322.83,319.61,320.58,670305923
2022-07-08,MSFT,Technology,320.72,321.8,317.31,319.57,306847963
2022-07-11,MSFT,Technology,326.72,329.65,326.24,326.59,640032097
2022-07-12,MSFT,Technology,323.6,322.26,316.64,322.19,222236655
2022-07-13,MSFT,Technology,329.0,330.91,329.47,330.03,420090433
2022-07-14,MSFT,Technology,338.19,344.34,334.17,337.62,265331136
2022-07-15,MSFT,Technology,330.0,336.37,329.41,331.92,856750473
2022-07-18,MSFT,Technology,332.1,336.32,333.23,333.81,841259472
2022-07-19,MSFT,Technology,342.57,341.03,338.6,339.58,485089109
2022-07-20,MSFT,Technology,331.57,334.46,327.7,333.26,404947754
2022-07-21,MSFT,Technology,337.47,335.73,332.95,335.58,1547676113
2022-07-22,MSFT,Technology,337.17,339.17,332.56,336.74,842545876
2022-07-25,MSFT,Technology,337.54,339.4,337.8,339.4,736467498
2022-07-26,MSFT,Technology,345.45,348.72,340.08,344.46,976804729
2022-07-27,MSFT,Technology,338.02,340.85,336.77,337.17,1191144458
2022-07-28,MSFT,Technology,343.18,341.74,338.28,341.08,299506682
2022-07-29,MSFT,Technology,351.26,350.86,345.61,350.07,453045108
2022-08-01,MSFT,Technology,347.4,348.21,346.07,347.26,360533088
2022-08-02,MSFT,Technology,347.24,346.67,340.55,346.45,297266436
2022-08-03,MSFT,Technology,337.85,344.75,335.28,340.16,340351519
2022-08-04,MSFT,Technology,351.59,352.37,350.39,350.89,518024239
2022-08-05,MSFT,Technology,353.73,353.91,346.49,350.56,209172672
2022-08-08,MSFT,Technology,345.8,345.7,342.26,344.92,337091140
2022-08-09,MSFT,Technology,358.81,360.38,356.37,356.98,843398577
2022-08-10,MSFT,Technology,355.39,356.17,353.64,353.86,520099240
2022-08-11,MSFT,Technology,344.91,347.25,344.83,345.04,1300833550
2022-08-12,MSFT,Technology,341.32,338.86,333.47,337.49,396347253
2022-08-15,MSFT,Technology,340.08,341.8,339.71,340.25,603337738
2022-08-16,MSFT,Technology,326.2,328.34,326.23,326.56,1350081904
2022-08-17,MSFT,Technology,321.79,324.18,317.99,323.13,368496716
2022-08-18,MSFT,Technology,320.39,324.64,321.93,322.47,371818250
2022-08-19,MSFT,Technology,320.1,319.63,318.35,319.43,199633575
2022-08-22,MSFT,Technology,325.69,325.62,321.37,324.97,841470469
2022-08-23,MSFT,Technology,327.33,331.02,326.12,327.49,1511271762
2022-08-24,MSFT,Technology,330.11,333.77,328.85,332.25,561632197
2022-08-25,MSFT,Technology,335.77,334.76,332.74,333.12,686901345
2022-08-26,MSFT,Technology,326.5,327.43,325.03,327.14,394524644
2022-08-29,MSFT,Technology,323.83,328.0,324.41,324.74,112141907
2022-08-30,MSFT,Technology,335.53,338.42,334.49,335.5,270064891
2022-08-31,MSFT,Technology,346.47,349.94,344.27,344.7,529605733
2022-09-01,MSFT,Technology,336.67,338.55,337.08,337.44,434920303
2022-09-02,MSFT,Technology,335.26,337.26,336.9,337.04,338993647
2022-09-05,MSFT,Technology,332.12,332.8,324.65,330.22,970357092
2022-09-06,MSFT,Technology,328.61,335.57,327.77,328.72,292712334
2022-09-07,MSFT,Technology,324.6,330.1,324.37,326.11,218260620
2022-09-08,MSFT,Technology,323.63,325.05,323.21,324.5,626556672
2022-09-09,MSFT,Technology,334.34,336.83,334.52,334.64,405918692
2022-09-12,MSFT,Technology,341.15,342.78,340.94,341.07,377510108
2022-09-13,MSFT,Technology,334.51,334.54,333.52,333.68,371552171
2022-09-14,MSFT,Technology,337.32,342.68,335.64,340.3,602974238
2022-09-15,MSFT,Technology,345.18,345.17,341.82,342.99,160145058
2022-09-16,MSFT,Technology,348.67,352.75,343.18,345.85,362708116
2022-09-19,MSFT,Technology,336.35,340.0,333.84,339.46,286814161
2022-09-20,MSFT,Technology,345.54,352.86,347.4,347.69,1383554502
2022-09-21,MSFT,Technology,356.58,358.6,354.35,356.67,447783296
2022-09-22,MSFT,Technology,356.73,362.83,356.14,358.66,965588410
2022-09-23,MSFT,Technology,358.56,362.55,356.34,360.57,476551907
2022-09-26,MSFT,Technology,362.1,362.09,356.62,357.61,193340052
2022-09-27,MSFT,Technology,357.33,359.36,357.18,357.53,253377699
2022-09-28,MSFT,Technology,361.11,361.14,352.68,358.97,783430498
2022-09-29,MSFT,Technology,359.78,360.03,356.29,359.37,762420483
2022-09-30,MSFT,Technology,358.12,361.53,356.85,357.77,257098401
2022-10-03,MSFT,Technology,358.06,361.91,357.69,359.52,284681774
2022-10-04,MSFT,Technology,369.58,375.81,366.14,371.85,502761708
2022-10-05,MSFT,Technology,366.53,366.29,361.59,364.27,397969195
2022-10-06,MSFT,Technology,367.86,372.39,363.77,370.6,910602129
2022-10-07,MSFT,Technology,378.15,380.45,374.47,377.51,433005881
2022-10-10,MSFT,Technology,372.65,374.79,366.54,372.65,717343239
2022-10-11,MSFT,Technology,365.56,370.34,364.86,368.05,394209525
2022-10-12,MSFT,Technology,369.09,368.68,367.83,368.36,686027229
2022-10-13,MSFT,Technology,375.02,375.74,371.95,372.8,758856758
2022-10-14,MSFT,Technology,364.81,365.75,358.95,364.72,1253096479
2022-10-17,MSFT,Technology,356.53,361.7,357.1,359.3,353580763
2022-10-18,MSFT,Technology,364.18,364.68,362.15,362.83,599000530
2022-10-19,MSFT,Technology,364.27,365.48,363.41,364.49,609959308
2022-10-20,MSFT,Technology,361.64,362.23,358.84,361.7,323432038
2022-10-21,MSFT,Technology,356.76,356.1,354.76,355.36,391085676
2022-10-24,MSFT,Technology,356.31,359.37,356.52,357.79,522785467
2022-10-25,MSFT,Technology,360.27,360.0,353.97,359.98,1466677564
2022-10-26,MSFT,Technology,358.58,360.1,356.95,358.02,880823288
2022-10-27,MSFT,Technology,350.67,352.97,349.26,350.92,574691342
2022-10-28,MSFT,Technology,358.27,359.29,353.54,356.8,469723930
2022-10-31,MSFT,Technology,359.46,357.54,356.9,357.33,465275853
2022-11-01,MSFT,Technology,353.19,352.14,350.53,351.03,655918658
2022-11-02,MSFT,Technology,348.57,353.25,345.63,346.36,449723174
2022-11-03,MSFT,Technology,351.27,351.77,346.02,349.42,750386151
2022-11-04,MSFT,Technology,349.39,349.36,346.84,347.77,434036699
2022-11-07,MSFT,Technology,352.32,357.91,351.2,353.8,452280206
2022-11-08,MSFT,Technology,356.4,357.14,351.8,355.64,494829355
2022-11-09,MSFT,Technology,343.87,351.24,346.8,347.58,804972525
2022-11-10,MSFT,Technology,346.49,355.8,340.4,346.8,460043449
2022-11-11,MSFT,Technology,349.29,357.24,347.81,352.43,355481084
2022-11-14,MSFT,Technology,353.69,357.24,352.78,355.83,152386112
2022-11-15,MSFT,Technology,361.08,363.21,354.99,360.82,721315974
2022-11-16,MSFT,Technology,359.55,361.54,359.76,360.22,247266298
2022-11-17,MSFT,Technology,356.51,357.69,355.29,356.21,294982254
2022-11-18,MSFT,Technology,357.82,361.47,354.77,355.28,232159207
2022-11-21,MSFT,Technology,351.27,352.98,348.53,352.06,343217472
2022-11-22,MSFT,Technology,341.55,341.35,335.5,341.07,479790692
2022-11-23,MSFT,Technology,344.34,342.96,340.7,342.93,543141678
2022-11-24,MSFT,Technology,344.27,345.81,339.55,343.13,367980159
2022-11-25,MSFT,Technology,347.41,350.12,346.55,348.73,200127600
2022-11-28,MSFT,Technology,347.82,356.62,348.02,351.47,464729072
2022-11-29,MSFT,Technology,348.68,351.65,347.81,350.73,611964560
2022-11-30,MSFT,Technology,348.06,348.63,345.28,347.75,930878217
2022-12-01,MSFT,Technology,350.69,352.27,350.39,351.11,487080561
2022-12-02,MSFT,Technology,347.65,349.85,348.8,349.39,291940504
2022-12-05,MSFT,Technology,342.0,346.11,338.4,341.73,310472609
2022-12-06,MSFT,Technology,345.77,344.74,339.21,344.64,727699919
2022-12-07,MSFT,Technology,339.43,340.41,336.94,339.26,257814475
2022-12-08,MSFT,Technology,328.98,330.64,329.31,329.63,268398861
2022-12-09,MSFT,Technology,327.92,328.33,327.51,327.62,347037152
2022-12-12,MSFT,Technology,335.84,337.0,332.56,333.86,617045946
2022-12-13,MSFT,Technology,330.51,334.29,330.12,332.88,298696292
2022-12-14,MSFT,Technology,329.26,334.14,329.86,330.86,415438915
2022-12-15,MSFT,Technology,325.46,329.57,325.14,327.71,1084506007
2022-12-16,MSFT,Technology,331.9,335.05,330.92,332.15,236965256
2022-12-19,MSFT,Technology,327.64,330.76,326.05,329.46,404129945
2022-12-20,MSFT,Technology,327.57,332.44,327.21,328.76,440008597
2022-12-21,MSFT,Technology,326.13,328.55,326.47,326.49,402848475
2022-12-22,MSFT,Technology,323.0,323.6,318.51,322.78,798351158
2022-12-23,MSFT,Technology,313.36,316.09,312.92,315.7,335225600
2022-12-26,MSFT,Technology,319.34,324.26,321.19,321.81,439812771
2022-12-27,MSFT,Technology,322.02,323.92,318.69,323.46,469867415
2022-12-28,MSFT,Technology,326.57,332.07,325.91,326.33,741960076
2022-12-29,MSFT,Technology,326.9,331.59,327.94,330.05,398601855
2022-12-30,MSFT,Technology,336.16,339.18,333.53,335.44,586580120
2023-01-02,MSFT,Technology,330.99,332.9,328.11,332.55,1087763287
2023-01-03,MSFT,Technology,331.91,334.45,327.22,330.94,335661890
2023-01-04,MSFT,Technology,322.18,324.11,320.93,323.55,229288597
2023-01-05,MSFT,Technology,324.7,323.39,321.75,323.17,470964091
2023-01-06,MSFT,Technology,330.18,333.45,331.94,332.86,425455211
2023-01-09,MSFT,Technology,329.21,333.71,329.94,331.17,528803356
2023-01-10,MSFT,Technology,336.1,338.92,332.45,334.82,499962171
2023-01-11,MSFT,Technology,336.42,340.37,333.41,337.0,329707226
2023-01-12,MSFT,Technology,335.1,342.49,337.53,339.15,394799906
2023-01-13,MSFT,Technology,343.73,345.69,343.03,344.21,255947942
2023-01-16,MSFT,Technology,348.14,349.47,341.08,347.15,362913781
2023-01-17,MSFT,Technology,345.78,344.11,343.2,343.86,532561043
2023-01-18,MSFT,Technology,341.24,345.08,339.8,339.94,357943870
2023-01-19,MSFT,Technology,345.46,342.86,336.84,342.01,925016590
2023-01-20,MSFT,Technology,340.09,342.94,339.0,339.94,579591715
2023-01-23,MSFT,Technology,342.05,342.47,337.14,341.09,287051514
2023-01-24,MSFT,Technology,346.67,353.2,339.83,348.62,547811061
2023-01-25,MSFT,Technology,340.36,338.61,335.64,337.11,329370071
2023-01-26,MSFT,Technology,329.34,329.34,322.92,328.1,172767700
2023-01-27,MSFT,Technology,331.05,333.81,327.51,328.35,581036389
2023-01-30,MSFT,Technology,324.68,324.0,323.87,323.91,244951507
2023-01-31,MSFT,Technology,326.28,334.16,325.43,327.08,665908887
2023-02-01,MSFT,Technology,327.62,330.98,324.72,327.3,466359022
2023-02-02,MSFT,Technology,323.53,325.61,322.56,324.36,464259572
2023-02-03,MSFT,Technology,337.04,339.55,330.75,335.72,345560560
2023-02-06,MSFT,Technology,336.79,336.2,333.42,334.12,724552100
2023-02-07,MSFT,Technology,334.01,342.66,335.7,338.82,323694131
2023-02-08,MSFT,Technology,344.07,345.54,343.5,344.11,343795385
2023-02-09,MSFT,Technology,345.86,347.46,340.88,345.34,773330782
2023-02-10,MSFT,Technology,342.97,345.08,335.43,343.15,590602361
2023-02-13,MSFT,Technology,339.53,339.7,337.96,339.2,291383940
2023-02-14,MSFT,Technology,342.06,344.41,339.2,340.43,430946286
2023-02-15,MSFT,Technology,345.16,345.38,341.99,344.61,295491806
2023-02-16,MSFT,Technology,339.2,341.74,340.41,341.23,821787895
2023-02-17,MSFT,Technology,344.2,346.39,340.21,344.45,388198802
2023-02-20,MSFT,Technology,344.51,346.18,339.64,345.18,416413970
2023-02-21,MSFT,Technology,345.45,350.73,344.1,348.78,934557533
2023-02-22,MSFT,Technology,349.62,350.03,347.41,347.63,399737651
2023-02-23,MSFT,Technology,342.01,345.51,341.32,341.63,899523698
2023-02-24,MSFT,Technology,335.87,337.69,334.5,336.09,503019493
2023-02-27,MSFT,Technology,329.58,330.17,324.58,328.12,470205415
2023-02-28,MSFT,Technology,329.17,330.27,325.92,329.5,544795496
2023-03-01,MSFT,Technology,333.07,337.73,331.45,335.64,1095877298
2023-03-02,MSFT,Technology,332.98,334.39,328.69,333.74,288468581
2023-03-03,MSFT,Technology,330.94,330.96,328.06,330.59,565849288
2023-03-06,MSFT,Technology,323.7,327.19,320.22,324.9,1110531010
2023-03-07,MSFT,Technology,325.79,323.74,320.96,323.73,459015125
2023-03-08,MSFT,Technology,323.25,321.96,320.95,321.82,486192371
2023-03-09,MSFT,Technology,325.61,329.36,324.11,325.1,227019071
2023-03-10,MSFT,Technology,310.71,312.48,311.28,311.51,547988633
2023-03-13,MSFT,Technology,310.14,314.12,311.09,311.31,795978807
2023-03-14,MSFT,Technology,309.31,311.63,309.13,310.32,506018665
2023-03-15,MSFT,Technology,307.63,311.67,309.81,310.48,390763493
2023-03-16,MSFT,Technology,316.06,315.26,313.89,314.51,339849484
2023-03-17,MSFT,Technology,305.36,307.24,305.65,306.84,444433400
2023-03-20,MSFT,Technology,312.15,309.37,308.59,309.35,408728046
2023-03-21,MSFT,Technology,309.91,312.08,308.71,310.82,381881425
2023-03-22,MSFT,Technology,312.05,318.58,310.91,312.7,470091772
2023-03-23,MSFT,Technology,310.95,315.44,311.54,314.77,147087038
2023-03-24,MSFT,Technology,307.67,315.11,308.46,312.37,645534815
2023-03-27,MSFT,Technology,312.16,316.42,311.21,313.68,512733953
2023-03-28,MSFT,Technology,309.3,311.86,303.54,310.63,276293156
2023-03-29,MSFT,Technology,306.58,310.78,307.48,309.45,496327097
2023-03-30,MSFT,Technology,312.82,316.95,311.11,312.31,196872841
2023-03-31,MSFT,Technology,302.22,302.48,300.44,300.45,244151271
2023-04-03,MSFT,Technology,303.46,307.57,302.02,303.04,487245197
2023-04-04,MSFT,Technology,296.26,298.72,294.07,295.51,222065478
2023-04-05,MSFT,Technology,292.13,293.36,289.22,290.03,466554160
2023-04-06,MSFT,Technology,282.55,283.58,280.24,281.57,491319621
2023-04-07,MSFT,Technology,275.38,275.06,269.87,274.7,471411113
2023-04-10,MSFT,Technology,277.98,279.98,279.04,279.51,545342182
2023-04-11,MSFT,Technology,284.09,286.12,280.98,284.22,311252564
2023-04-12,MSFT,Technology,288.42,289.51,287.09,288.84,470867326
2023-04-13,MSFT,Technology,289.58,291.89,286.56,291.21,772162047
2023-04-14,MSFT,Technology,289.11,291.9,287.52,290.68,176547528
2023-04-17,MSFT,Technology,290.2,291.69,288.05,290.3,582002508
2023-04-18,MSFT,Technology,301.57,303.74,297.33,300.11,328633475
2023-04-19,MSFT,Technology,303.45,302.28,300.73,301.17,656742861
2023-04-20,MSFT,Technology,303.4,304.76,300.11,303.72,886954353
2023-04-21,MSFT,Technology,294.93,298.89,296.09,296.39,326433978
2023-04-24,MSFT,Technology,295.5,297.68,292.17,294.47,252346855
2023-04-25,MSFT,Technology,286.74,288.47,285.35,287.03,384598103
2023-04-26,MSFT,Technology,287.87,291.33,286.18,287.32,395375206
2023-04-27,MSFT,Technology,292.25,294.66,289.39,292.03,410022955
2023-04-28,MSFT,Technology,290.45,292.27,289.17,292.02,331368093
2023-05-01,MSFT,Technology,299.47,298.37,294.81,296.95,396863315
2023-05-02,MSFT,Technology,300.58,303.05,298.46,300.28,614622699
2023-05-03,MSFT,Technology,294.2,301.22,296.07,297.27,413978564
2023-05-04,MSFT,Technology,303.38,302.29,297.13,301.83,349862509
2023-05-05,MSFT,Technology,300.63,302.17,298.23,302.05,366540488
2023-05-08,MSFT,Technology,289.86,292.41,291.72,292.3,593831657
2023-05-09,MSFT,Technology,296.61,296.28,294.97,295.74,681706778
2023-05-10,MSFT,Technology,299.06,299.24,296.62,297.28,360025518
2023-05-11,MSFT,Technology,306.32,308.64,307.27,307.35,542465701
2023-05-12,MSFT,Technology,299.08,300.18,296.26,298.88,797684479
2023-05-15,MSFT,Technology,302.5,307.79,297.12,302.05,329059923
2023-05-16,MSFT,Technology,303.2,303.33,301.29,302.9,358078880
2023-05-17,MSFT,Technology,301.25,302.69,297.58,301.04,650108427
2023-05-18,MSFT,Technology,302.8,305.6,302.82,303.61,738278684
2023-05-19,MSFT,Technology,298.71,299.24,294.81,297.1,777344558
2023-05-22,MSFT,Technology,300.03,302.08,297.4,299.51,455730774
2023-05-23,MSFT,Technology,304.48,303.94,302.72,303.66,751877961
2023-05-24,MSFT,Technology,296.75,300.65,297.96,300.5,536313703
2023-05-25,MSFT,Technology,302.99,304.15,298.78,303.52,160022681
2023-05-26,MSFT,Technology,311.73,312.96,307.14,310.26,309263686
2023-05-29,MSFT,Technology,304.89,305.58,302.67,304.73,381105273
2023-05-30,MSFT,Technology,295.31,301.42,295.6,296.14,367949070
2023-05-31,MSFT,Technology,299.01,302.34,298.87,299.52,623008996
2023-06-01,MSFT,Technology,294.11,293.63,291.82,293.11,184216756
2023-06-02,MSFT,Technology,290.32,291.66,289.4,289.63,1025406753
2023-06-05,MSFT,Technology,287.85,288.56,284.78,287.42,914443055
2023-06-06,MSFT,Technology,286.59,291.51,285.75,288.83,675542018
2023-06-07,MSFT,Technology,296.13,298.77,292.43,294.41,363028475
2023-06-08,MSFT,Technology,289.21,291.02,288.09,289.06,588852178
2023-06-09,MSFT,Technology,291.43,293.62,287.63,290.64,740548315
2023-06-12,MSFT,Technology,291.07,294.2,291.34,293.11,821749182
2023-06-13,MSFT,Technology,288.4,288.26,285.66,287.6,477004931
2023-06-14,MSFT,Technology,281.58,281.29,279.05,280.35,485486891
2023-06-15,MSFT,Technology,281.56,284.37,280.88,282.21,744595175
2023-06-16,MSFT,Technology,286.72,291.73,287.37,289.86,267039007
2023-06-19,MSFT,Technology,286.09,288.59,281.89,285.5,435918628
2023-06-20,MSFT,Technology,288.27,288.91,286.71,287.32,468587710
2023-06-21,MSFT,Technology,280.63,284.34,280.62,281.95,443869457
2023-06-22,MSFT,Technology,278.4,278.85,277.15,277.92,309690808
2023-06-23,MSFT,Technology,278.7,278.2,274.74,275.83,875288484
2023-06-26,MSFT,Technology,280.89,284.09,279.25,280.97,368337095
2023-06-27,MSFT,Technology,280.57,283.94,280.68,281.81,703254537
2023-06-28,MSFT,Technology,278.71,279.5,278.34,279.02,711667586
2023-06-29,MSFT,Technology,273.64,278.73,270.46,274.46,583821559
2023-06-30,MSFT,Technology,277.67,277.33,276.98,277.1,432228638
2023-07-03,MSFT,Technology,282.0,285.27,281.39,283.36,466284158
2023-07-04,MSFT,Technology,281.33,284.36,281.27,282.09,673300243
2023-07-05,MSFT,Technology,277.65,281.16,275.35,277.34,720841368
2023-07-06,MSFT,Technology,276.89,276.77,272.19,274.89,488609730
2023-07-07,MSFT,Technology,271.56,273.0,270.59,272.35,333555943
2023-07-10,MSFT,Technology,270.7,274.02,267.51,271.47,735314159
2023-07-11,MSFT,Technology,273.53,274.61,272.45,272.46,441579810
2023-07-12,MSFT,Technology,277.1,280.01,275.7,277.74,282751442
2023-07-13,MSFT,Technology,272.11,275.53,273.9,275.1,483201060
2023-07-14,MSFT,Technology,276.46,276.49,273.03,275.88,934101772
2023-07-17,MSFT,Technology,276.81,277.07,271.41,275.01,281017977
2023-07-18,MSFT,Technology,274.91,274.73,272.9,273.97,318952792
2023-07-19,MSFT,Technology,273.65,278.79,271.19,274.35,498907851
2023-07-20,MSFT,Technology,273.05,275.58,266.88,273.08,460162672
2023-07-21,MSFT,Technology,272.22,274.92,269.25,271.18,579760934
2023-07-24,MSFT,Technology,278.25,278.21,275.11,276.73,600132279
2023-07-25,MSFT,Technology,271.1,271.14,269.14,269.97,345459051
2023-07-26,MSFT,Technology,254.87,258.54,254.95,257.47,117722066
2023-07-27,MSFT,Technology,262.71,261.16,260.43,260.9,667241322
2023-07-28,MSFT,Technology,265.56,270.7,267.65,267.72,432593408
2023-07-31,MSFT,Technology,267.57,268.07,266.64,266.74,689667438
2023-08-01,MSFT,Technology,276.35,276.71,273.94,276.01,324845416
2023-08-02,MSFT,Technology,281.98,283.28,281.36,282.64,694851500
2023-08-03,MSFT,Technology,280.81,283.46,278.26,282.01,493870076
2023-08-04,MSFT,Technology,283.54,288.76,283.95,285.04,732073436
2023-08-07,MSFT,Technology,281.94,282.29,278.25,280.74,550126232
2023-08-08,MSFT,Technology,278.8,281.07,276.49,279.78,288864120
2023-08-09,MSFT,Technology,280.8,284.64,280.69,282.84,381089601
2023-08-10,MSFT,Technology,283.3,283.1,280.4,282.55,441003729
2023-08-11,MSFT,Technology,281.92,282.89,278.87,281.74,383724180
2023-08-14,MSFT,Technology,278.15,280.56,275.87,277.35,647533937
2023-08-15,MSFT,Technology,278.19,279.98,275.79,276.86,475857288
2023-08-16,MSFT,Technology,274.74,275.55,273.35,274.25,505288045
2023-08-17,MSFT,Technology,275.16,279.41,271.57,274.17,513058062
2023-08-18,MSFT,Technology,278.25,279.82,278.61,278.67,465927840
2023-08-21,MSFT,Technology,266.72,265.06,263.58,264.62,489880496
2023-08-22,MSFT,Technology,260.28,259.77,257.49,259.66,561135901
2023-08-23,MSFT,Technology,261.92,265.39,263.65,263.72,688996942
2023-08-24,MSFT,Technology,266.54,267.04,265.98,265.99,1082100129
2023-08-25,MSFT,Technology,263.7,265.15,262.55,264.85,509482797
2023-08-28,MSFT,Technology,269.06,270.16,269.1,269.61,371337408
2023-08-29,MSFT,Technology,270.06,274.21,268.19,270.96,696063703
2023-08-30,MSFT,Technology,266.05,266.96,264.11,265.54,295088461
2023-08-31,MSFT,Technology,268.05,269.2,266.14,266.68,722588862
2023-09-01,MSFT,Technology,266.85,268.91,265.45,266.82,152068586
2023-09-04,MSFT,Technology,268.77,270.3,267.65,270.25,99100802
2023-09-05,MSFT,Technology,270.21,272.17,267.86,271.53,1923878181
2023-09-06,MSFT,Technology,267.46,271.87,268.88,270.29,445572654
2023-09-07,MSFT,Technology,269.58,270.08,268.97,269.22,450082530
2023-09-08,MSFT,Technology,261.15,264.88,259.74,263.86,702102699
2023-09-11,MSFT,Technology,265.13,266.2,263.11,266.08,425436656
2023-09-12,MSFT,Technology,261.21,260.89,258.01,259.36,393378426
2023-09-13,MSFT,Technology,261.52,266.6,261.19,262.58,565755638
2023-09-14,MSFT,Technology,262.44,264.38,259.79,261.62,421886242
2023-09-15,MSFT,Technology,261.01,261.42,259.27,261.03,470203383
2023-09-18,MSFT,Technology,263.33,262.3,260.44,262.12,286912640
2023-09-19,MSFT,Technology,266.66,268.36,264.59,265.84,186574569
2023-09-20,MSFT,Technology,268.11,267.31,264.7,266.32,349900865
2023-09-21,MSFT,Technology,262.77,263.12,261.52,262.96,869288199
2023-09-22,MSFT,Technology,264.53,269.89,264.15,265.27,616568802
2023-09-25,MSFT,Technology,254.4,259.4,253.13,254.21,875918719
2023-09-26,MSFT,Technology,263.99,265.66,261.82,263.82,452020062
2023-09-27,MSFT,Technology,260.12,263.62,260.45,261.89,467104834
2023-09-28,MSFT,Technology,255.1,255.3,254.84,254.91,373688908
2023-09-29,MSFT,Technology,267.85,270.45,264.87,267.54,357983311
2023-10-02,MSFT,Technology,262.38,266.1,262.36,263.27,787137111
2023-10-03,MSFT,Technology,268.17,270.48,265.71,267.54,665618411
2023-10-04,MSFT,Technology,265.89,267.23,262.17,265.59,666788775
2023-10-05,MSFT,Technology,262.01,264.73,260.98,262.18,284968725
2023-10-06,MSFT,Technology,263.09,265.75,259.86,262.21,656146903
2023-10-09,MSFT,Technology,260.16,262.77,258.5,260.65,669645647
2023-10-10,MSFT,Technology,264.95,265.65,262.15,264.6,321411411
2023-10-11,MSFT,Technology,262.69,265.26,260.75,262.48,256859679
2023-10-12,MSFT,Technology,265.23,265.69,262.66,263.45,925988751
2023-10-13,MSFT,Technology,272.45,271.2,269.27,270.54,606792210
2023-10-16,MSFT,Technology,266.72,269.42,267.94,268.45,451628520
2023-10-17,MSFT,Technology,274.78,278.03,269.89,273.24,385525421
2023-10-18,MSFT,Technology,277.05,275.71,272.99,275.7,240917386
2023-10-19,MSFT,Technology,277.36,278.83,278.19,278.37,1162767218
2023-10-20,MSFT,Technology,282.54,284.76,280.07,283.09,602893621
2023-10-23,MSFT,Technology,285.64,287.11,282.47,284.26,571301529
2023-10-24,MSFT,Technology,277.96,278.46,275.67,278.03,623927781
2023-10-25,MSFT,Technology,277.12,278.97,276.42,276.69,349549639
2023-10-26,MSFT,Technology,275.33,277.81,273.26,275.73,1003116782
2023-10-27,MSFT,Technology,279.61,282.74,280.28,282.56,232402528
2023-10-30,MSFT,Technology,276.97,279.48,276.18,276.43,159856883
2023-10-31,MSFT,Technology,271.02,273.14,270.6,271.22,643492660
2023-11-01,MSFT,Technology,278.67,278.89,278.24,278.4,1604462774
2023-11-02,MSFT,Technology,269.89,270.6,268.88,269.13,349255297
2023-11-03,MSFT,Technology,270.09,270.53,262.3,269.0,317493276
2023-11-06,MSFT,Technology,266.82,268.23,263.42,267.26,699876564
2023-11-07,MSFT,Technology,260.93,264.09,260.87,261.89,452019184
2023-11-08,MSFT,Technology,268.35,270.24,268.65,268.66,504109737
2023-11-09,MSFT,Technology,266.75,271.03,262.19,266.55,592033413
2023-11-10,MSFT,Technology,264.25,267.95,265.98,266.38,1514790903
2023-11-13,MSFT,Technology,262.88,263.35,260.28,261.2,488697623
2023-11-14,MSFT,Technology,256.8,258.68,254.61,256.11,693919918
2023-11-15,MSFT,Technology,268.16,270.65,264.54,266.0,587615919
2023-11-16,MSFT,Technology,267.11,271.83,267.84,268.2,734007208
2023-11-17,MSFT,Technology,274.41,277.41,272.83,272.88,441929320
2023-11-20,MSFT,Technology,275.77,276.92,275.39,276.14,264065991
2023-11-21,MSFT,Technology,271.08,272.81,271.23,271.27,392503094
2023-11-22,MSFT,Technology,268.22,272.29,269.3,270.03,703674104
2023-11-23,MSFT,Technology,269.2,269.29,265.76,269.22,560641284
2023-11-24,MSFT,Technology,262.17,264.69,262.94,264.23,536417077
2023-11-27,MSFT,Technology,265.17,264.82,262.53,264.73,1015895116
2023-11-28,MSFT,Technology,259.21,260.89,260.43,260.6,782611921
2023-11-29,MSFT,Technology,270.49,270.41,269.28,270.37,339575771
2023-11-30,MSFT,Technology,264.82,264.06,259.65,262.58,458029959
2023-12-01,MSFT,Technology,260.2,263.06,258.86,261.2,501962580
2023-12-04,MSFT,Technology,265.69,266.65,265.05,265.58,592651993
2023-12-05,MSFT,Technology,265.09,268.71,266.42,266.52,505238559
2023-12-06,MSFT,Technology,262.69,269.92,264.46,264.55,453683281
2023-12-07,MSFT,Technology,264.71,270.4,265.57,266.83,729900298
2023-12-08,MSFT,Technology,260.92,261.92,260.47,261.01,684762231
2023-12-11,MSFT,Technology,258.43,258.8,258.21,258.24,509486333
2023-12-12,MSFT,Technology,260.7,261.87,259.3,260.11,219945075
2023-12-13,MSFT,Technology,259.5,261.4,258.88,260.4,348964362
2023-12-14,MSFT,Technology,257.56,259.19,255.95,258.09,763925750
2023-12-15,MSFT,Technology,259.64,258.93,258.24,258.67,570936702
2023-12-18,MSFT,Technology,267.46,270.0,267.06,268.17,314142262
2023-12-19,MSFT,Technology,267.96,268.5,261.94,268.21,275723920
2023-12-20,MSFT,Technology,269.48,273.93,269.26,269.46,721829985
2023-12-21,MSFT,Technology,272.69,274.84,273.41,273.74,276015814
2023-12-22,MSFT,Technology,273.81,277.98,274.26,275.18,638633690
2023-12-25,MSFT,Technology,283.01,286.14,278.99,283.19,488988191
2023-12-26,MSFT,Technology,284.79,285.28,283.81,284.26,816237109
2023-12-27,MSFT,Technology,274.19,276.27,274.99,275.46,1152944354
2023-12-28,MSFT,Technology,271.93,272.83,271.53,272.74,192713170
2023-12-29,MSFT,Technology,269.8,273.18,270.22,270.95,770720311
2022-01-03,JPM,Finance,154.92,154.96,154.14,154.33,1596144332
2022-01-04,JPM,Finance,155.36,157.61,155.53,156.16,500523783
2022-01-05,JPM,Finance,156.76,157.79,156.22,156.44,580962458
2022-01-06,JPM,Finance,157.19,157.96,156.96,157.59,266403943
2022-01-07,JPM,Finance,160.83,161.6,161.29,161.58,2105521361
2022-01-10,JPM,Finance,159.68,159.75,158.67,159.2,783252772
2022-01-11,JPM,Finance,163.07,163.94,161.9,163.28,565893347
2022-01-12,JPM,Finance,168.2,169.93,166.44,168.05,737602240
2022-01-13,JPM,Finance,168.41,169.0,166.86,167.86,788804039
2022-01-14,JPM,Finance,168.57,168.69,165.79,167.88,599702790
2022-01-17,JPM,Finance,164.44,166.38,165.05,165.66,322353330
2022-01-18,JPM,Finance,161.76,163.62,162.12,163.08,1333796354
2022-01-19,JPM,Finance,166.34,167.03,165.63,165.99,880097211
2022-01-20,JPM,Finance,163.04,165.57,163.42,164.14,696841318
2022-01-21,JPM,Finance,167.74,170.62,165.55,167.16,395277804
2022-01-24,JPM,Finance,168.38,171.03,167.33,169.04,504703669
2022-01-25,JPM,Finance,168.07,168.46,166.2,167.57,1089945813
2022-01-26,JPM,Finance,168.09,170.24,166.76,168.6,764864498
2022-01-27,JPM,Finance,171.57,172.99,170.3,172.36,939982892
2022-01-28,JPM,Finance,172.61,172.12,170.96,172.01,557738016
2022-01-31,JPM,Finance,172.03,171.98,170.38,171.56,426596858
2022-02-01,JPM,Finance,173.55,174.39,173.02,174.21,297412190
2022-02-02,JPM,Finance,173.76,175.31,172.48,173.59,349374624
2022-02-03,JPM,Finance,172.85,175.1,172.71,173.01,635640666
2022-02-04,JPM,Finance,173.79,175.27,172.1,173.61,535759946
2022-02-07,JPM,Finance,174.05,174.36,173.33,173.64,202561105
2022-02-08,JPM,Finance,173.41,172.73,172.03,172.38,329843742
2022-02-09,JPM,Finance,170.93,171.93,170.13,171.23,713291770
2022-02-10,JPM,Finance,168.28,169.33,166.46,168.75,411473570
2022-02-11,JPM,Finance,171.03,173.14,169.72,172.76,493490809
2022-02-14,JPM,Finance,175.31,174.82,174.06,174.3,370440868
2022-02-15,JPM,Finance,174.94,178.84,175.26,176.53,422870840
2022-02-16,JPM,Finance,175.65,176.63,176.38,176.47,441142970
2022-02-17,JPM,Finance,172.4,174.71,172.41,172.83,1073800610
2022-02-18,JPM,Finance,169.81,171.4,168.38,169.87,602028783
2022-02-21,JPM,Finance,172.2,175.21,168.59,171.68,367206424
2022-02-22,JPM,Finance,171.76,171.17,169.09,170.32,739251439
2022-02-23,JPM,Finance,169.3,172.27,168.37,170.43,163286377
2022-02-24,JPM,Finance,168.94,169.03,168.67,168.81,239597642
2022-02-25,JPM,Finance,169.15,171.09,169.76,170.76,566929451
2022-02-28,JPM,Finance,168.05,168.51,167.25,167.97,316942209
2022-03-01,JPM,Finance,167.87,170.1,166.49,168.04,848749775
2022-03-02,JPM,Finance,167.58,167.55,165.83,166.85,340281720
2022-03-03,JPM,Finance,167.93,168.92,165.74,168.41,269060250
2022-03-04,JPM,Finance,168.46,170.14,167.29,168.54,443940899
2022-03-07,JPM,Finance,169.48,171.45,170.11,170.13,199837519
2022-03-08,JPM,Finance,168.26,169.38,168.41,168.55,684340723
2022-03-09,JPM,Finance,167.44,167.23,165.57,167.16,470817559
2022-03-10,JPM,Finance,165.35,166.64,164.67,165.8,707913818
2022-03-11,JPM,Finance,165.6,167.12,162.99,165.33,240090933
2022-03-14,JPM,Finance,163.45,164.5,162.12,164.36,790376806
2022-03-15,JPM,Finance,166.76,168.47,167.26,167.63,438236566
2022-03-16,JPM,Finance,166.97,168.48,166.13,167.59,181422199
2022-03-17,JPM,Finance,167.32,167.99,167.26,167.59,516391651
2022-03-18,JPM,Finance,170.77,171.72,170.69,171.2,445663090
2022-03-21,JPM,Finance,174.75,175.43,175.15,175.17,840486693
2022-03-22,JPM,Finance,180.06,180.68,179.91,180.03,147280075
2022-03-23,JPM,Finance,181.32,182.16,181.34,181.96,400318709
2022-03-24,JPM,Finance,182.86,182.45,180.42,180.97,601797284
2022-03-25,JPM,Finance,175.84,177.98,176.87,177.79,1079469409
2022-03-28,JPM,Finance,178.36,180.36,179.36,179.6,380954853
2022-03-29,JPM,Finance,181.56,183.3,178.09,181.77,451967676
2022-03-30,JPM,Finance,182.4,183.23,181.24,182.17,882055638
2022-03-31,JPM,Finance,177.24,179.07,177.45,178.35,228847109
2022-04-01,JPM,Finance,176.0,177.47,175.47,176.54,316181110
2022-04-04,JPM,Finance,174.92,176.65,175.06,175.08,459200389
2022-04-05,JPM,Finance,178.49,179.37,176.42,178.3,447770019
2022-04-06,JPM,Finance,183.46,186.15,184.07,184.6,781113469
2022-04-07,JPM,Finance,188.83,191.54,187.17,189.02,404183488
2022-04-08,JPM,Finance,184.2,187.66,183.96,184.65,942483004
2022-04-11,JPM,Finance,182.77,182.78,181.94,182.19,469985889
2022-04-12,JPM,Finance,178.52,178.65,177.05,178.55,714831608
2022-04-13,JPM,Finance,176.64,176.02,175.11,175.99,492864960
2022-04-14,JPM,Finance,177.98,179.29,176.76,177.74,294530720
2022-04-15,JPM,Finance,177.45,178.54,177.3,177.79,297236064
2022-04-18,JPM,Finance,171.8,173.89,172.7,172.97,488984386
2022-04-19,JPM,Finance,177.97,179.07,175.28,177.62,869783520
2022-04-20,JPM,Finance,176.92,176.78,172.02,175.87,1048013170
2022-04-21,JPM,Finance,174.9,174.92,173.51,174.56,851462717
2022-04-22,JPM,Finance,170.45,170.92,169.98,170.36,610321851
2022-04-25,JPM,Finance,170.78,170.1,169.67,169.96,598166666
2022-04-26,JPM,Finance,171.3,172.27,170.02,170.54,494396451
2022-04-27,JPM,Finance,172.24,174.59,170.73,172.16,375776614
2022-04-28,JPM,Finance,166.38,166.28,165.62,166.06,449230818
2022-04-29,JPM,Finance,165.76,167.72,164.12,165.36,1144179720
2022-05-02,JPM,Finance,164.52,165.62,163.93,165.19,582830533
2022-05-03,JPM,Finance,163.77,164.66,163.33,163.52,328057908
2022-05-04,JPM,Finance,164.91,167.95,163.86,165.19,544731590
2022-05-05,JPM,Finance,168.2,167.81,163.27,167.06,709629144
2022-05-06,JPM,Finance,164.21,163.83,160.99,163.03,775733825
2022-05-09,JPM,Finance,163.6,162.79,162.51,162.68,313114280
2022-05-10,JPM,Finance,162.0,162.19,160.84,160.89,346794830
2022-05-11,JPM,Finance,159.63,162.01,160.81,160.82,380190609
2022-05-12,JPM,Finance,156.27,158.51,156.73,157.63,945233809
2022-05-13,JPM,Finance,165.5,163.25,162.36,163.19,250887640
2022-05-16,JPM,Finance,163.58,163.52,161.53,163.29,378105211
2022-05-17,JPM,Finance,161.2,161.6,159.86,161.16,365911445
2022-05-18,JPM,Finance,156.84,159.42,157.21,157.84,446018251
2022-05-19,JPM,Finance,157.21,160.25,157.62,158.04,1141391997
2022-05-20,JPM,Finance,159.16,159.75,158.29,159.24,659106290
2022-05-23,JPM,Finance,158.75,159.51,159.16,159.24,408661211
2022-05-24,JPM,Finance,154.03,155.84,154.26,154.63,1253703102
2022-05-25,JPM,Finance,155.18,156.15,153.81,154.87,590978380
2022-05-26,JPM,Finance,154.42,154.55,153.67,153.99,187169985
2022-05-27,JPM,Finance,152.64,155.21,152.16,153.1,387807379
2022-05-30,JPM,Finance,150.65,153.2,150.27,150.54,472594112
2022-05-31,JPM,Finance,150.14,150.34,149.05,150.28,364107135
2022-06-01,JPM,Finance,149.27,150.43,148.05,149.74,509768313
2022-06-02,JPM,Finance,149.39,151.69,150.47,150.49,200329656
2022-06-03,JPM,Finance,151.3,151.77,151.06,151.31,297760483
2022-06-06,JPM,Finance,150.23,152.75,149.58,151.26,439921722
2022-06-07,JPM,Finance,148.71,149.78,148.7,149.1,743292925
2022-06-08,JPM,Finance,148.16,149.82,148.03,149.2,511881638
2022-06-09,JPM,Finance,148.73,149.33,148.49,148.58,215464934
2022-06-10,JPM,Finance,151.92,152.76,151.7,152.55,565943581
2022-06-13,JPM,Finance,149.84,150.36,149.39,149.82,687785115
2022-06-14,JPM,Finance,148.82,148.08,146.74,147.28,452798980
2022-06-15,JPM,Finance,147.24,148.67,146.23,148.54,508670248
2022-06-16,JPM,Finance,145.31,148.12,144.86,145.21,420763523
2022-06-17,JPM,Finance,145.4,148.63,144.73,145.03,350656472
2022-06-20,JPM,Finance,147.0,145.95,145.2,145.68,874001352
2022-06-21,JPM,Finance,147.97,148.69,145.58,146.0,432316780
2022-06-22,JPM,Finance,147.67,150.01,148.04,148.3,143571515
2022-06-23,JPM,Finance,148.83,150.74,149.55,149.76,424907148
2022-06-24,JPM,Finance,150.77,150.2,148.54,149.88,359977687
2022-06-27,JPM,Finance,146.53,146.54,146.37,146.41,958678375
2022-06-28,JPM,Finance,146.57,146.11,144.68,145.97,532000257
2022-06-29,JPM,Finance,144.26,147.37,143.48,145.15,360990065
2022-06-30,JPM,Finance,144.38,147.32,144.18,145.93,695748273
2022-07-01,JPM,Finance,144.19,148.25,143.7,144.86,365692551
2022-07-04,JPM,Finance,144.68,145.94,144.68,145.39,243153658
2022-07-05,JPM,Finance,141.56,144.3,141.19,141.78,353813850
2022-07-06,JPM,Finance,142.99,145.7,143.9,144.29,365452710
2022-07-07,JPM,Finance,142.65,143.87,142.32,143.12,399901646
2022-07-08,JPM,Finance,141.24,142.12,141.48,141.89,916005258
2022-07-11,JPM,Finance,139.41,141.79,139.56,139.98,569714397
2022-07-12,JPM,Finance,134.3,136.82,134.59,135.31,231620644
2022-07-13,JPM,Finance,136.95,139.34,137.6,138.52,407116888
2022-07-14,JPM,Finance,137.07,138.91,136.58,138.12,607875906
2022-07-15,JPM,Finance,140.14,141.87,138.9,140.11,837475585
2022-07-18,JPM,Finance,140.76,142.84,139.84,140.02,310323850
2022-07-19,JPM,Finance,140.46,139.49,136.07,139.3,309142273
2022-07-20,JPM,Finance,140.61,140.42,138.91,140.32,431396364
2022-07-21,JPM,Finance,139.06,139.5,136.53,138.61,280049694
2022-07-22,JPM,Finance,141.14,141.27,140.36,141.08,202006705
2022-07-25,JPM,Finance,140.25,140.18,139.24,139.43,593553126
2022-07-26,JPM,Finance,135.99,138.46,137.47,137.58,1120141599
2022-07-27,JPM,Finance,139.33,139.83,136.72,138.47,1480653609
2022-07-28,JPM,Finance,134.9,136.79,135.95,135.95,620751864
2022-07-29,JPM,Finance,136.43,138.24,136.3,137.58,229777481
2022-08-01,JPM,Finance,138.44,137.91,137.09,137.89,632662180
2022-08-02,JPM,Finance,139.27,139.72,138.91,139.58,1354785999
2022-08-03,JPM,Finance,137.09,140.36,138.0,138.04,961533222
2022-08-04,JPM,Finance,138.56,139.26,136.97,138.32,360816319
2022-08-05,JPM,Finance,138.74,140.25,139.48,140.25,606667157
2022-08-08,JPM,Finance,139.21,140.88,138.35,139.04,618714809
2022-08-09,JPM,Finance,137.41,138.92,134.95,137.14,1074586511
2022-08-10,JPM,Finance,136.38,136.96,136.04,136.09,398415767
2022-08-11,JPM,Finance,137.51,137.49,136.06,137.15,747140731
2022-08-12,JPM,Finance,137.85,138.79,136.18,137.52,270250441
2022-08-15,JPM,Finance,135.05,136.1,134.4,135.42,435900622
2022-08-16,JPM,Finance,137.83,137.4,135.31,137.05,319240384
2022-08-17,JPM,Finance,137.73,137.47,136.76,136.98,616458505
2022-08-18,JPM,Finance,135.27,137.72,135.15,135.37,785603453
2022-08-19,JPM,Finance,135.69,136.31,133.17,135.88,413893624
2022-08-22,JPM,Finance,134.8,137.31,134.5,136.14,361742201
2022-08-23,JPM,Finance,132.48,133.52,132.53,133.07,237715873
2022-08-24,JPM,Finance,133.78,134.16,131.43,133.24,730071550
2022-08-25,JPM,Finance,134.82,136.37,132.68,135.06,512486942
2022-08-26,JPM,Finance,133.41,134.31,132.66,134.31,315438774
2022-08-29,JPM,Finance,137.52,138.06,136.54,136.94,575418362
2022-08-30,JPM,Finance,141.7,139.94,138.71,139.86,654282371
2022-08-31,JPM,Finance,141.67,140.8,139.59,140.0,530874135
2022-09-01,JPM,Finance,140.11,140.43,138.28,139.5,378347186
2022-09-02,JPM,Finance,140.99,142.37,140.46,140.67,1139282943
2022-09-05,JPM,Finance,138.26,140.62,138.2,139.19,946544628
2022-09-06,JPM,Finance,142.35,142.62,140.86,142.25,462632784
2022-09-07,JPM,Finance,141.82,141.98,139.88,141.63,475478890
2022-09-08,JPM,Finance,142.53,143.26,142.97,143.15,502987872
2022-09-09,JPM,Finance,144.84,146.0,144.57,144.68,338815953
2022-09-12,JPM,Finance,143.78,143.79,142.23,143.53,310074395
2022-09-13,JPM,Finance,146.1,148.43,144.7,145.71,337349164
2022-09-14,JPM,Finance,147.23,149.37,147.31,147.87,437465194
2022-09-15,JPM,Finance,146.19,146.74,144.81,145.78,408478968
2022-09-16,JPM,Finance,145.75,145.77,144.71,145.59,1042791701
2022-09-19,JPM,Finance,143.46,145.4,142.33,144.05,234384314
2022-09-20,JPM,Finance,144.73,145.34,142.54,144.7,324858511
2022-09-21,JPM,Finance,142.46,143.67,141.77,142.42,782419322
2022-09-22,JPM,Finance,141.98,141.55,141.48,141.5,651880726
2022-09-23,JPM,Finance,140.07,141.18,140.69,141.11,551857505
2022-09-26,JPM,Finance,144.26,145.91,143.99,144.89,696999944
2022-09-27,JPM,Finance,145.91,146.03,144.77,145.84,221889248
2022-09-28,JPM,Finance,145.06,147.2,144.71,146.18,1068710849
2022-09-29,JPM,Finance,144.85,146.29,144.79,144.97,604073447
2022-09-30,JPM,Finance,142.27,143.37,142.78,143.22,574345125
2022-10-03,JPM,Finance,143.87,142.91,141.35,142.73,752082883
2022-10-04,JPM,Finance,146.12,145.06,142.7,144.7,470568099
2022-10-05,JPM,Finance,143.21,143.71,141.89,143.23,919451251
2022-10-06,JPM,Finance,146.14,146.7,144.66,145.44,124983678
2022-10-07,JPM,Finance,144.97,146.85,144.63,145.18,405599919
2022-10-10,JPM,Finance,145.45,145.37,141.46,144.1,271362762
2022-10-11,JPM,Finance,147.29,147.81,147.19,147.34,348840612
2022-10-12,JPM,Finance,148.44,149.56,148.84,149.41,310347282
2022-10-13,JPM,Finance,145.83,146.04,144.63,146.03,962506066
2022-10-14,JPM,Finance,149.92,148.56,148.42,148.52,629463268
2022-10-17,JPM,Finance,148.5,149.57,147.42,147.88,353775906
2022-10-18,JPM,Finance,146.68,148.96,148.31,148.53,434240592
2022-10-19,JPM,Finance,150.02,151.35,150.53,150.59,580976483
2022-10-20,JPM,Finance,150.88,151.31,148.58,150.18,358538504
2022-10-21,JPM,Finance,149.99,151.92,150.49,151.27,802548839
2022-10-24,JPM,Finance,150.34,150.54,146.94,150.11,399945466
2022-10-25,JPM,Finance,144.79,147.14,143.95,145.52,411090462
2022-10-26,JPM,Finance,148.68,149.37,148.26,148.45,359349910
2022-10-27,JPM,Finance,149.5,148.87,147.63,148.78,621091325
2022-10-28,JPM,Finance,147.27,148.95,147.97,148.07,396567214
2022-10-31,JPM,Finance,147.4,149.37,148.08,148.29,499126855
2022-11-01,JPM,Finance,149.33,148.8,147.48,148.57,360461085
2022-11-02,JPM,Finance,148.4,148.56,146.51,147.34,414448399
2022-11-03,JPM,Finance,147.2,148.61,146.29,146.88,267476360
2022-11-04,JPM,Finance,148.07,149.43,146.98,148.32,361981490
2022-11-07,JPM,Finance,148.74,149.61,146.77,147.91,183243927
2022-11-08,JPM,Finance,149.93,150.95,148.95,149.98,492196104
2022-11-09,JPM,Finance,150.09,151.09,148.15,149.63,841473502
2022-11-10,JPM,Finance,151.9,153.99,150.54,151.18,460100122
2022-11-11,JPM,Finance,154.84,153.85,153.36,153.84,379444549
2022-11-14,JPM,Finance,151.89,151.46,150.09,150.84,512886272
2022-11-15,JPM,Finance,153.45,155.34,153.12,153.67,458155995
2022-11-16,JPM,Finance,154.0,154.75,153.35,153.9,474341723
2022-11-17,JPM,Finance,151.82,152.09,151.77,151.95,492930982
2022-11-18,JPM,Finance,151.26,152.68,150.6,152.15,338324125
2022-11-21,JPM,Finance,158.7,159.43,156.41,158.12,171731037
2022-11-22,JPM,Finance,156.09,160.35,155.7,157.65,229269654
2022-11-23,JPM,Finance,160.22,161.11,159.02,159.68,972254018
2022-11-24,JPM,Finance,163.05,164.04,160.71,163.72,391931603
2022-11-25,JPM,Finance,164.22,163.42,161.72,163.18,445257432
2022-11-28,JPM,Finance,166.49,166.21,165.65,165.73,503012724
2022-11-29,JPM,Finance,170.45,172.52,169.86,170.56,604387644
2022-11-30,JPM,Finance,174.37,173.67,171.66,173.64,707663589
2022-12-01,JPM,Finance,168.41,168.97,166.82,168.97,308920813
2022-12-02,JPM,Finance,171.69,171.09,169.18,170.93,236887780
2022-12-05,JPM,Finance,172.21,172.89,171.27,171.78,629681503
2022-12-06,JPM,Finance,174.66,175.16,174.61,175.04,531383712
2022-12-07,JPM,Finance,176.46,176.31,173.63,176.17,582174470
2022-12-08,JPM,Finance,174.98,176.34,172.49,174.55,432658583
2022-12-09,JPM,Finance,171.94,172.95,170.03,171.82,368409801
2022-12-12,JPM,Finance,174.27,174.23,171.02,173.1,384215044
2022-12-13,JPM,Finance,170.48,175.22,169.59,171.63,519093807
2022-12-14,JPM,Finance,171.33,172.73,170.51,170.9,631696537
2022-12-15,JPM,Finance,167.15,166.57,164.56,166.4,718066835
2022-12-16,JPM,Finance,162.51,165.37,163.75,164.36,573910538
2022-12-19,JPM,Finance,163.27,165.05,162.34,163.78,228429313
2022-12-20,JPM,Finance,160.96,163.05,160.24,161.53,516242844
2022-12-21,JPM,Finance,161.2,162.35,160.5,160.71,265233281
2022-12-22,JPM,Finance,163.01,163.69,161.96,162.58,348198027
2022-12-23,JPM,Finance,160.78,163.13,162.55,162.72,194347643
2022-12-26,JPM,Finance,163.97,165.53,162.97,164.17,562195170
2022-12-27,JPM,Finance,165.54,168.5,164.64,165.81,689564018
2022-12-28,JPM,Finance,172.01,171.97,169.73,171.66,939161388
2022-12-29,JPM,Finance,172.54,173.22,170.65,171.97,290455104
2022-12-30,JPM,Finance,172.89,174.32,171.31,172.94,405633368
2023-01-02,JPM,Finance,174.76,177.67,175.35,175.97,826481536
2023-01-03,JPM,Finance,174.31,177.16,174.69,175.38,989107783
2023-01-04,JPM,Finance,178.97,180.51,178.15,179.24,521757567
2023-01-05,JPM,Finance,175.13,179.94,177.33,177.53,574883463
2023-01-06,JPM,Finance,177.43,176.83,176.2,176.72,849232781
2023-01-09,JPM,Finance,177.49,177.96,177.41,177.47,324821052
2023-01-10,JPM,Finance,180.09,179.62,176.76,178.97,344347727
2023-01-11,JPM,Finance,180.61,182.45,180.07,181.07,290866043
2023-01-12,JPM,Finance,181.68,185.73,179.29,181.84,505582042
2023-01-13,JPM,Finance,181.31,183.24,179.77,180.95,648966000
2023-01-16,JPM,Finance,180.29,182.64,180.39,180.97,421676492
2023-01-17,JPM,Finance,178.07,177.62,175.89,177.47,977984777
2023-01-18,JPM,Finance,178.07,178.67,176.49,176.77,479891995
2023-01-19,JPM,Finance,178.77,180.68,178.29,178.57,924193212
2023-01-20,JPM,Finance,177.87,180.18,175.23,178.29,525246390
2023-01-23,JPM,Finance,181.46,182.11,179.77,181.23,197937483
2023-01-24,JPM,Finance,179.16,180.91,180.16,180.55,1076616379
2023-01-25,JPM,Finance,180.07,182.94,180.49,180.87,555062046
2023-01-26,JPM,Finance,179.82,182.08,178.26,180.38,193321817
2023-01-27,JPM,Finance,182.16,184.53,182.89,183.79,1158591341
2023-01-30,JPM,Finance,180.9,180.61,179.21,180.52,470907783
2023-01-31,JPM,Finance,175.58,177.42,176.01,176.28,537091876
2023-02-01,JPM,Finance,179.97,179.38,176.27,178.01,712107664
2023-02-02,JPM,Finance,176.78,179.61,174.69,178.06,433485401
2023-02-03,JPM,Finance,172.15,172.45,171.68,172.19,349751414
2023-02-06,JPM,Finance,166.8,167.8,165.35,167.3,604571175
2023-02-07,JPM,Finance,163.05,164.27,163.16,163.67,331725434
2023-02-08,JPM,Finance,162.5,163.32,161.11,162.82,475208451
2023-02-09,JPM,Finance,159.83,162.67,159.27,160.36,297476570
2023-02-10,JPM,Finance,165.36,165.18,163.22,164.45,536377813
2023-02-13,JPM,Finance,165.37,165.55,164.1,165.09,369424292
2023-02-14,JPM,Finance,169.25,171.06,167.26,169.34,563423918
2023-02-15,JPM,Finance,169.05,172.23,170.18,171.37,338490042
2023-02-16,JPM,Finance,169.53,170.9,168.91,169.2,689398474
2023-02-17,JPM,Finance,169.93,170.73,169.32,169.82,774732281
2023-02-20,JPM,Finance,171.16,171.76,170.49,171.72,368556772
2023-02-21,JPM,Finance,170.97,171.38,170.04,171.01,489092599
2023-02-22,JPM,Finance,169.9,172.12,170.14,171.41,342720334
2023-02-23,JPM,Finance,173.0,173.57,172.27,172.6,629442300
2023-02-24,JPM,Finance,169.08,171.4,168.51,170.04,321362897
2023-02-27,JPM,Finance,171.72,173.13,169.85,172.93,428291753
2023-02-28,JPM,Finance,171.41,170.72,170.12,170.16,419583471
2023-03-01,JPM,Finance,173.01,174.74,170.79,172.77,181788671
2023-03-02,JPM,Finance,175.45,175.39,173.82,173.93,745761782
2023-03-03,JPM,Finance,173.18,176.89,174.9,175.37,378009741
2023-03-06,JPM,Finance,177.43,179.51,178.04,178.36,1183759582
2023-03-07,JPM,Finance,181.99,183.91,182.4,182.61,659816497
2023-03-08,JPM,Finance,186.67,185.17,183.48,183.97,290187585
2023-03-09,JPM,Finance,178.28,180.19,177.37,179.62,294074199
2023-03-10,JPM,Finance,176.91,178.71,176.62,177.36,443515235
2023-03-13,JPM,Finance,179.96,180.73,179.25,179.63,183773779
2023-03-14,JPM,Finance,175.48,174.17,173.0,173.69,525072779
2023-03-15,JPM,Finance,177.2,176.01,175.31,175.73,167753062
2023-03-16,JPM,Finance,178.26,179.82,176.4,176.8,354207665
2023-03-17,JPM,Finance,175.74,176.82,173.64,176.78,280353666
2023-03-20,JPM,Finance,179.6,180.11,178.4,178.86,446935699
2023-03-21,JPM,Finance,181.68,181.94,181.84,181.93,683150154
2023-03-22,JPM,Finance,179.91,182.32,179.27,180.91,684167533
2023-03-23,JPM,Finance,180.19,181.39,179.45,180.74,438951450
2023-03-24,JPM,Finance,184.07,186.6,182.01,184.33,897704450
2023-03-27,JPM,Finance,183.46,183.26,178.52,181.94,314976967
2023-03-28,JPM,Finance,181.33,182.99,180.66,181.67,252669168
2023-03-29,JPM,Finance,180.92,184.95,181.62,182.85,238057058
2023-03-30,JPM,Finance,183.36,186.24,181.19,183.36,369697829
2023-03-31,JPM,Finance,189.06,191.3,187.22,188.53,705658013
2023-04-03,JPM,Finance,186.85,189.25,186.99,187.01,390179618
2023-04-04,JPM,Finance,188.33,189.35,186.49,188.22,588439718
2023-04-05,JPM,Finance,184.64,186.55,182.56,185.18,426445755
2023-04-06,JPM,Finance,182.8,184.42,180.84,183.59,1644349761
2023-04-07,JPM,Finance,187.1,184.9,184.06,184.76,295211763
2023-04-10,JPM,Finance,180.35,183.02,181.87,181.92,490614683
2023-04-11,JPM,Finance,185.71,186.52,185.85,186.29,760324483
2023-04-12,JPM,Finance,184.43,186.91,181.34,184.19,482379861
2023-04-13,JPM,Finance,186.41,188.54,185.7,186.9,250464132
2023-04-14,JPM,Finance,187.6,189.03,186.0,188.03,247364382
2023-04-17,JPM,Finance,185.44,186.54,184.63,185.72,215042047
2023-04-18,JPM,Finance,186.09,186.33,185.18,186.26,530933555
2023-04-19,JPM,Finance,183.61,186.37,181.53,184.19,462251627
2023-04-20,JPM,Finance,187.28,192.13,185.0,186.86,340601543
2023-04-21,JPM,Finance,185.46,186.57,183.83,185.5,232116197
2023-04-24,JPM,Finance,187.58,188.1,187.38,188.02,403786985
2023-04-25,JPM,Finance,188.02,190.59,188.29,188.83,310817224
2023-04-26,JPM,Finance,184.38,185.27,182.3,183.31,827894393
2023-04-27,JPM,Finance,181.64,181.63,176.38,180.06,477579283
2023-04-28,JPM,Finance,180.12,181.68,180.14,180.77,175618242
2023-05-01,JPM,Finance,177.42,177.51,175.87,177.48,283484917
2023-05-02,JPM,Finance,175.58,176.78,175.24,175.59,752929372
2023-05-03,JPM,Finance,176.44,178.87,176.17,176.82,253138003
2023-05-04,JPM,Finance,176.66,177.17,173.98,175.81,197827118
2023-05-05,JPM,Finance,178.2,181.16,177.25,178.53,689354807
2023-05-08,JPM,Finance,174.67,176.9,173.2,175.25,294548044
2023-05-09,JPM,Finance,173.28,171.13,168.53,171.0,509315331
2023-05-10,JPM,Finance,173.43,174.05,173.03,173.73,534872234
2023-05-11,JPM,Finance,175.03,175.9,174.98,175.09,733399886
2023-05-12,JPM,Finance,173.53,172.6,169.89,172.53,952489388
2023-05-15,JPM,Finance,173.98,173.08,171.25,172.64,182853993
2023-05-16,JPM,Finance,168.94,171.28,169.13,169.51,259150493
2023-05-17,JPM,Finance,168.22,170.13,165.43,168.24,471309113
2023-05-18,JPM,Finance,170.59,170.98,168.39,169.68,353918502
2023-05-19,JPM,Finance,169.02,170.06,168.31,169.02,592215935
2023-05-22,JPM,Finance,170.73,173.36,169.95,170.93,691054227
2023-05-23,JPM,Finance,174.0,175.06,170.97,172.84,998570345
2023-05-24,JPM,Finance,174.23,173.64,172.39,173.6,415696872
2023-05-25,JPM,Finance,175.76,174.68,173.44,174.63,498742067
2023-05-26,JPM,Finance,179.72,182.03,178.89,179.69,856778984
2023-05-29,JPM,Finance,179.71,181.2,179.12,180.75,570060087
2023-05-30,JPM,Finance,176.48,178.11,176.64,177.36,1082650438
2023-05-31,JPM,Finance,178.39,182.72,179.1,180.45,328059095
2023-06-01,JPM,Finance,181.05,183.04,181.77,182.44,723049055
2023-06-02,JPM,Finance,179.92,181.09,180.94,181.08,272584123
2023-06-05,JPM,Finance,183.88,184.17,182.04,183.58,521122302
2023-06-06,JPM,Finance,180.95,179.59,179.16,179.2,684006730
2023-06-07,JPM,Finance,183.22,183.98,182.07,183.11,545990330
2023-06-08,JPM,Finance,182.21,181.31,180.46,180.76,171420427
2023-06-09,JPM,Finance,184.95,185.24,181.84,183.86,699550843
2023-06-12,JPM,Finance,187.67,188.35,184.06,187.15,448653445
2023-06-13,JPM,Finance,187.49,189.97,186.93,188.1,415718951
2023-06-14,JPM,Finance,182.66,182.82,179.86,182.62,747799070
2023-06-15,JPM,Finance,182.53,183.89,179.33,181.45,679976317
2023-06-16,JPM,Finance,176.37,180.99,177.06,177.15,240073672
2023-06-19,JPM,Finance,176.39,176.83,176.51,176.65,665875087
2023-06-20,JPM,Finance,173.67,178.47,175.54,175.75,579041851
2023-06-21,JPM,Finance,172.57,173.62,171.57,173.39,824780731
2023-06-22,JPM,Finance,171.67,174.81,171.89,172.39,684103120
2023-06-23,JPM,Finance,171.35,172.54,170.74,171.39,949162016
2023-06-26,JPM,Finance,166.96,166.83,165.97,166.8,933949181
2023-06-27,JPM,Finance,166.76,166.92,165.89,166.68,399129159
2023-06-28,JPM,Finance,167.49,168.81,167.11,167.93,954343836
2023-06-29,JPM,Finance,159.06,160.92,160.37,160.41,566429617
2023-06-30,JPM,Finance,162.63,162.29,158.1,161.53,335499709
2023-07-03,JPM,Finance,163.67,164.09,161.98,163.13,400111325
2023-07-04,JPM,Finance,157.77,159.93,157.46,158.45,396611220
2023-07-05,JPM,Finance,158.03,159.17,158.4,159.1,334720634
2023-07-06,JPM,Finance,159.75,161.3,158.74,158.89,494608740
2023-07-07,JPM,Finance,158.34,158.17,157.65,157.86,964678683
2023-07-10,JPM,Finance,158.37,160.21,157.48,158.7,337760875
2023-07-11,JPM,Finance,158.7,159.91,158.52,159.45,495716865
2023-07-12,JPM,Finance,160.8,163.69,158.3,161.03,176261640
2023-07-13,JPM,Finance,162.23,161.48,161.33,161.43,705009958
2023-07-14,JPM,Finance,163.59,162.74,162.02,162.15,231572137
2023-07-17,JPM,Finance,161.83,162.6,161.46,162.52,202887804
2023-07-18,JPM,Finance,161.89,163.29,160.98,162.93,864227742
2023-07-19,JPM,Finance,168.03,168.88,166.64,168.37,488574479
2023-07-20,JPM,Finance,168.81,170.56,167.64,169.75,203341506
2023-07-21,JPM,Finance,175.12,175.57,172.15,172.44,482252417
2023-07-24,JPM,Finance,169.92,169.86,169.71,169.78,675613342
2023-07-25,JPM,Finance,167.97,169.62,167.03,167.36,354395932
2023-07-26,JPM,Finance,169.63,170.78,170.05,170.43,294719373
2023-07-27,JPM,Finance,171.57,172.73,170.94,172.12,688121883
2023-07-28,JPM,Finance,169.02,170.82,170.64,170.66,232508373
2023-07-31,JPM,Finance,172.34,172.52,170.06,171.51,695112550
2023-08-01,JPM,Finance,175.42,176.05,175.02,175.93,1653541116
2023-08-02,JPM,Finance,182.1,180.89,180.31,180.87,450753077
2023-08-03,JPM,Finance,179.43,180.51,179.15,179.26,319690637
2023-08-04,JPM,Finance,174.81,175.34,173.74,175.0,994961658
2023-08-07,JPM,Finance,173.26,174.79,173.24,173.33,712994572
2023-08-08,JPM,Finance,171.47,173.38,168.81,171.5,906276685
2023-08-09,JPM,Finance,169.75,170.47,167.6,169.02,481404511
2023-08-10,JPM,Finance,161.29,162.91,161.27,162.08,515744219
2023-08-11,JPM,Finance,160.6,162.24,159.81,161.18,850002293
2023-08-14,JPM,Finance,160.0,160.39,159.15,159.73,609484907
2023-08-15,JPM,Finance,152.17,154.22,151.21,152.97,298371788
2023-08-16,JPM,Finance,150.57,152.97,151.78,152.05,277418067
2023-08-17,JPM,Finance,155.65,156.53,153.83,155.38,196341518
2023-08-18,JPM,Finance,157.0,156.95,156.23,156.81,615113119
2023-08-21,JPM,Finance,157.32,159.9,157.89,158.41,382858976
2023-08-22,JPM,Finance,166.13,165.94,161.85,164.98,547515339
2023-08-23,JPM,Finance,165.74,165.77,163.42,165.73,888759542
2023-08-24,JPM,Finance,163.64,164.93,163.26,164.38,387159986
2023-08-25,JPM,Finance,161.36,163.16,160.42,162.09,986553229
2023-08-28,JPM,Finance,161.01,160.22,159.42,160.06,934555102
2023-08-29,JPM,Finance,161.08,162.44,161.75,162.05,1282099032
2023-08-30,JPM,Finance,159.93,161.22,159.01,160.37,815250726
2023-08-31,JPM,Finance,161.09,164.38,161.53,162.14,376811312
2023-09-01,JPM,Finance,161.11,162.73,162.15,162.66,613837932
2023-09-04,JPM,Finance,167.68,167.82,166.38,167.2,591707708
2023-09-05,JPM,Finance,168.75,169.97,169.01,169.43,428376556
2023-09-06,JPM,Finance,170.6,170.66,169.8,170.23,735888901
2023-09-07,JPM,Finance,173.03,173.44,171.52,173.33,495972621
2023-09-08,JPM,Finance,169.25,170.81,168.74,168.93,960306662
2023-09-11,JPM,Finance,167.34,168.26,167.34,167.49,329769276
2023-09-12,JPM,Finance,169.84,171.96,170.49,171.45,875227372
2023-09-13,JPM,Finance,174.37,174.16,173.71,174.02,1523681572
2023-09-14,JPM,Finance,169.76,170.84,168.54,169.78,428610843
2023-09-15,JPM,Finance,169.68,168.83,167.28,168.81,197831901
2023-09-18,JPM,Finance,170.31,170.58,168.55,170.14,222741943
2023-09-19,JPM,Finance,169.5,172.22,169.66,170.28,387219777
2023-09-20,JPM,Finance,169.74,172.09,170.96,171.04,665093241
2023-09-21,JPM,Finance,176.01,179.23,175.19,175.31,199173560
2023-09-22,JPM,Finance,180.16,180.17,178.36,179.06,427199622
2023-09-25,JPM,Finance,178.87,178.64,176.45,177.96,286143815
2023-09-26,JPM,Finance,174.86,176.67,174.33,175.4,247272644
2023-09-27,JPM,Finance,172.96,174.01,172.32,173.96,1394285824
2023-09-28,JPM,Finance,171.56,172.36,171.41,171.92,661931987
2023-09-29,JPM,Finance,175.36,174.68,172.53,174.25,462579713
2023-10-02,JPM,Finance,180.24,181.73,178.25,178.53,406611170
2023-10-03,JPM,Finance,177.74,178.44,177.22,178.02,409764209
2023-10-04,JPM,Finance,176.73,178.24,175.86,176.51,726889844
2023-10-05,JPM,Finance,175.91,177.0,175.06,175.91,285683223
2023-10-06,JPM,Finance,172.3,175.45,171.76,174.73,443491919
2023-10-09,JPM,Finance,179.09,179.18,177.92,179.0,347520185
2023-10-10,JPM,Finance,172.74,173.72,172.36,173.44,378038413
2023-10-11,JPM,Finance,177.31,181.14,177.42,177.72,269313528
2023-10-12,JPM,Finance,176.82,181.5,178.59,178.94,678248864
2023-10-13,JPM,Finance,181.88,183.77,181.21,181.47,467750854
2023-10-16,JPM,Finance,178.18,180.97,178.93,179.51,174121302
2023-10-17,JPM,Finance,182.33,183.64,182.61,182.73,372408077
2023-10-18,JPM,Finance,179.37,180.66,176.98,180.04,415308112
2023-10-19,JPM,Finance,182.85,181.69,180.47,181.63,823509008
2023-10-20,JPM,Finance,183.56,182.9,181.44,182.88,1123678697
2023-10-23,JPM,Finance,182.75,186.63,181.57,183.81,744036576
2023-10-24,JPM,Finance,183.74,186.48,184.52,184.55,436022052
2023-10-25,JPM,Finance,181.43,182.27,179.24,180.64,581721368
2023-10-26,JPM,Finance,177.38,176.85,174.61,176.34,362356442
2023-10-27,JPM,Finance,175.0,173.76,172.83,173.71,335990872
2023-10-30,JPM,Finance,169.89,173.3,170.32,170.36,237469011
2023-10-31,JPM,Finance,174.43,174.18,173.21,173.25,675705586
2023-11-01,JPM,Finance,171.65,172.73,170.19,171.31,528141017
2023-11-02,JPM,Finance,169.24,170.15,168.31,169.33,1000206257
2023-11-03,JPM,Finance,168.65,169.92,166.4,167.81,551066235
2023-11-06,JPM,Finance,166.85,168.24,166.91,167.56,565280589
2023-11-07,JPM,Finance,165.58,167.09,165.05,165.9,473463357
2023-11-08,JPM,Finance,166.17,171.4,165.42,166.49,1029697615
2023-11-09,JPM,Finance,162.95,164.24,162.06,164.02,590799707
2023-11-10,JPM,Finance,161.64,162.89,161.19,162.23,1892105512
2023-11-13,JPM,Finance,162.88,165.65,163.55,164.2,591090081
2023-11-14,JPM,Finance,167.3,167.85,165.43,166.71,1224771364
2023-11-15,JPM,Finance,166.98,167.24,165.31,165.79,194471670
2023-11-16,JPM,Finance,161.04,161.15,160.47,161.04,778325897
2023-11-17,JPM,Finance,159.04,162.24,157.23,159.84,285708163
2023-11-20,JPM,Finance,162.75,162.86,162.28,162.36,834039692
2023-11-21,JPM,Finance,162.26,163.61,158.89,161.65,318851559
2023-11-22,JPM,Finance,165.35,164.99,163.92,164.8,758303435
2023-11-23,JPM,Finance,166.33,167.7,165.69,166.33,475258856
2023-11-24,JPM,Finance,167.89,170.84,167.68,168.13,319015322
2023-11-27,JPM,Finance,165.85,166.72,161.64,166.43,313118599
2023-11-28,JPM,Finance,169.02,168.8,167.43,167.72,797646248
2023-11-29,JPM,Finance,169.69,170.57,169.15,169.89,439853992
2023-11-30,JPM,Finance,170.78,171.73,168.88,170.92,660944402
2023-12-01,JPM,Finance,174.84,175.89,172.49,174.45,742371015
2023-12-04,JPM,Finance,177.56,178.26,175.75,176.68,331493849
2023-12-05,JPM,Finance,175.35,178.21,175.93,175.99,312836523
2023-12-06,JPM,Finance,177.16,178.75,176.52,176.87,928958765
2023-12-07,JPM,Finance,178.31,179.59,176.89,178.57,261553259
2023-12-08,JPM,Finance,178.21,180.25,177.96,178.2,1100032786
2023-12-11,JPM,Finance,175.0,176.48,172.42,174.68,527282261
2023-12-12,JPM,Finance,178.51,178.85,177.93,178.5,514575943
2023-12-13,JPM,Finance,174.56,178.16,173.65,174.38,659888864
2023-12-14,JPM,Finance,176.69,176.36,175.27,176.16,588363445
2023-12-15,JPM,Finance,174.85,176.2,173.81,174.22,973064029
2023-12-18,JPM,Finance,173.69,174.77,173.2,174.32,498455976
2023-12-19,JPM,Finance,173.45,176.02,171.44,174.68,253518675
2023-12-20,JPM,Finance,178.49,178.97,176.49,177.95,1010716399
2023-12-21,JPM,Finance,178.55,181.63,175.47,177.93,869356784
2023-12-22,JPM,Finance,180.6,180.5,179.78,180.2,729505338
2023-12-25,JPM,Finance,181.57,183.29,180.29,181.78,303226932
2023-12-26,JPM,Finance,183.2,182.32,180.69,180.85,534425653
2023-12-27,JPM,Finance,181.0,181.21,180.13,181.05,852679253
2023-12-28,JPM,Finance,180.99,182.55,180.05,181.4,503418161
2023-12-29,JPM,Finance,184.61,186.46,184.01,184.48,193957014
2022-01-03,AMZN,Consumer,165.13,165.87,163.92,164.97,447738625
2022-01-04,AMZN,Consumer,164.34,163.56,160.76,163.0,185509029
2022-01-05,AMZN,Consumer,164.79,165.36,164.92,165.12,514545381
2022-01-06,AMZN,Consumer,165.35,166.49,164.53,165.72,545454326
2022-01-07,AMZN,Consumer,168.19,169.1,167.29,167.96,785044762
2022-01-10,AMZN,Consumer,172.48,172.39,172.01,172.31,273044751
2022-01-11,AMZN,Consumer,171.4,172.65,170.75,171.63,540961733
2022-01-12,AMZN,Consumer,168.34,169.52,168.46,168.57,404894898
2022-01-13,AMZN,Consumer,168.05,168.99,167.5,168.39,1075963146
2022-01-14,AMZN,Consumer,173.3,175.1,173.77,173.86,412058636
2022-01-17,AMZN,Consumer,182.07,182.02,181.05,181.57,294174978
2022-01-18,AMZN,Consumer,175.67,179.93,176.95,178.21,637006998
2022-01-19,AMZN,Consumer,185.72,186.54,184.21,186.32,385696588
2022-01-20,AMZN,Consumer,181.15,183.46,181.02,182.21,697170474
2022-01-21,AMZN,Consumer,187.53,191.25,184.06,188.38,1991412878
2022-01-24,AMZN,Consumer,186.43,187.86,186.48,186.97,592298962
2022-01-25,AMZN,Consumer,181.54,181.94,179.73,181.6,520758985
2022-01-26,AMZN,Consumer,184.08,185.27,181.12,183.55,424291140
2022-01-27,AMZN,Consumer,183.34,185.84,182.52,184.28,184338632
2022-01-28,AMZN,Consumer,180.89,184.04,181.93,182.11,380562366
2022-01-31,AMZN,Consumer,175.17,177.79,175.65,176.2,846243035
2022-02-01,AMZN,Consumer,176.66,176.1,175.58,175.98,717712726
2022-02-02,AMZN,Consumer,177.81,178.13,177.03,177.33,409751367
2022-02-03,AMZN,Consumer,176.78,177.78,176.74,177.39,612981339
2022-02-04,AMZN,Consumer,183.73,184.27,180.72,182.56,413811348
2022-02-07,AMZN,Consumer,185.31,186.36,184.81,185.02,230946722
2022-02-08,AMZN,Consumer,188.83,189.57,187.29,187.56,441263717
2022-02-09,AMZN,Consumer,192.55,194.51,187.42,191.12,420808007
2022-02-10,AMZN,Consumer,183.29,183.3,180.77,182.88,596018854
2022-02-11,AMZN,Consumer,180.02,180.76,178.0,179.15,487318685
2022-02-14,AMZN,Consumer,172.42,174.98,173.25,173.62,953852574
2022-02-15,AMZN,Consumer,181.78,181.76,178.56,181.7,401120343
2022-02-16,AMZN,Consumer,179.89,181.58,178.11,179.23,366833301
2022-02-17,AMZN,Consumer,177.11,178.93,176.93,177.47,854820743
2022-02-18,AMZN,Consumer,183.29,184.71,182.8,183.76,504943768
2022-02-21,AMZN,Consumer,185.19,186.57,184.04,185.11,205744536
2022-02-22,AMZN,Consumer,183.1,182.12,181.28,181.38,546522290
2022-02-23,AMZN,Consumer,178.37,178.4,177.58,178.08,648572170
2022-02-24,AMZN,Consumer,183.7,182.91,180.48,182.87,340620743
2022-02-25,AMZN,Consumer,193.41,192.32,190.54,191.82,1371113187
2022-02-28,AMZN,Consumer,192.42,192.51,191.47,191.74,919120991
2022-03-01,AMZN,Consumer,193.9,194.36,191.87,194.2,812364483
2022-03-02,AMZN,Consumer,192.98,193.7,192.85,193.03,401736412
2022-03-03,AMZN,Consumer,200.91,199.96,197.62,198.8,791091173
2022-03-04,AMZN,Consumer,187.53,189.28,185.7,188.43,101011271
2022-03-07,AMZN,Consumer,186.39,189.63,187.83,187.92,505700890
2022-03-08,AMZN,Consumer,186.99,188.49,184.15,186.26,412065596
2022-03-09,AMZN,Consumer,194.37,196.86,192.26,194.45,1497434360
2022-03-10,AMZN,Consumer,194.56,193.92,191.41,193.64,781392488
2022-03-11,AMZN,Consumer,195.79,198.05,195.95,197.06,505943849
2022-03-14,AMZN,Consumer,191.96,194.25,191.78,192.44,370739692
2022-03-15,AMZN,Consumer,194.65,194.59,194.02,194.47,295516868
2022-03-16,AMZN,Consumer,195.95,195.21,192.63,194.98,312240145
2022-03-17,AMZN,Consumer,195.46,197.24,193.98,195.42,404737998
2022-03-18,AMZN,Consumer,198.76,200.63,198.57,199.55,172140645
2022-03-21,AMZN,Consumer,200.65,200.42,198.47,200.29,945396143
2022-03-22,AMZN,Consumer,198.04,199.07,196.44,197.28,233950661
2022-03-23,AMZN,Consumer,198.79,201.51,197.93,198.36,373906275
2022-03-24,AMZN,Consumer,193.36,195.15,193.67,193.83,495435613
2022-03-25,AMZN,Consumer,205.58,207.03,203.23,205.13,527280190
2022-03-28,AMZN,Consumer,192.56,195.44,193.64,194.38,271994418
2022-03-29,AMZN,Consumer,187.0,186.03,184.75,185.97,596978842
2022-03-30,AMZN,Consumer,180.93,184.9,179.53,182.08,311082948
2022-03-31,AMZN,Consumer,181.29,182.97,181.01,181.5,487730157
2022-04-01,AMZN,Consumer,186.09,187.86,185.48,186.11,410652066
2022-04-04,AMZN,Consumer,189.61,191.12,188.35,189.79,558411018
2022-04-05,AMZN,Consumer,190.43,189.59,188.28,188.7,225732320
2022-04-06,AMZN,Consumer,186.73,189.62,187.34,188.25,576886648
2022-04-07,AMZN,Consumer,185.27,186.79,183.55,185.7,834422365
2022-04-08,AMZN,Consumer,185.9,186.58,183.18,185.65,366900119
2022-04-11,AMZN,Consumer,186.19,188.43,186.86,187.62,770945888
2022-04-12,AMZN,Consumer,186.49,186.35,184.54,186.08,331463872
2022-04-13,AMZN,Consumer,185.53,186.86,184.38,185.56,200421755
2022-04-14,AMZN,Consumer,197.08,200.59,196.68,197.83,458377628
2022-04-15,AMZN,Consumer,194.76,197.5,195.11,195.52,383412676
2022-04-18,AMZN,Consumer,201.16,202.97,197.95,200.4,427595223
2022-04-19,AMZN,Consumer,186.3,186.62,186.17,186.17,498417518
2022-04-20,AMZN,Consumer,181.41,181.6,179.88,180.8,778818434
2022-04-21,AMZN,Consumer,183.34,183.85,183.15,183.25,512007445
2022-04-22,AMZN,Consumer,189.4,188.3,184.22,187.33,504876696
2022-04-25,AMZN,Consumer,170.89,173.27,170.84,171.58,397528569
2022-04-26,AMZN,Consumer,169.03,170.77,167.82,169.94,575977570
2022-04-27,AMZN,Consumer,171.48,173.21,171.24,172.32,376595634
2022-04-28,AMZN,Consumer,173.09,175.34,170.45,173.28,249173694
2022-04-29,AMZN,Consumer,167.41,168.33,166.31,167.04,768931863
2022-05-02,AMZN,Consumer,165.12,165.9,162.43,165.32,700682947
2022-05-03,AMZN,Consumer,164.92,167.84,162.69,165.4,822657593
2022-05-04,AMZN,Consumer,169.67,169.55,166.99,168.31,299478548
2022-05-05,AMZN,Consumer,170.29,169.17,168.92,169.15,341017631
2022-05-06,AMZN,Consumer,166.95,164.21,163.66,164.18,680442403
2022-05-09,AMZN,Consumer,161.92,164.13,160.3,162.75,513864867
2022-05-10,AMZN,Consumer,167.64,169.42,167.6,167.91,554959767
2022-05-11,AMZN,Consumer,165.97,168.33,165.79,166.05,160224864
2022-05-12,AMZN,Consumer,164.76,166.49,163.97,165.38,721148406
2022-05-13,AMZN,Consumer,159.75,161.41,159.38,160.06,276593865
2022-05-16,AMZN,Consumer,160.74,164.62,160.43,161.44,856025131
2022-05-17,AMZN,Consumer,158.0,162.13,159.33,160.36,293667925
2022-05-18,AMZN,Consumer,163.22,163.94,162.4,163.74,187049096
2022-05-19,AMZN,Consumer,165.26,166.36,162.42,163.47,754222929
2022-05-20,AMZN,Consumer,167.06,169.86,166.71,167.22,813070807
2022-05-23,AMZN,Consumer,172.74,173.28,171.62,172.62,735270806
2022-05-24,AMZN,Consumer,175.13,177.7,173.01,175.7,424943807
2022-05-25,AMZN,Consumer,171.53,175.98,171.93,172.26,747288421
2022-05-26,AMZN,Consumer,174.51,175.49,174.05,175.23,379187309
2022-05-27,AMZN,Consumer,168.91,169.31,165.11,167.53,501389761
2022-05-30,AMZN,Consumer,173.76,173.93,173.37,173.71,455788389
2022-05-31,AMZN,Consumer,173.56,174.52,172.73,172.94,812551831
2022-06-01,AMZN,Consumer,174.6,175.82,172.58,174.47,445350356
2022-06-02,AMZN,Consumer,173.69,174.88,171.24,174.86,179381766
2022-06-03,AMZN,Consumer,176.7,176.72,175.74,176.19,921996833
2022-06-06,AMZN,Consumer,171.05,171.16,169.81,170.4,1452750909
2022-06-07,AMZN,Consumer,173.54,174.11,172.79,174.03,360732984
2022-06-08,AMZN,Consumer,176.21,176.96,174.72,176.59,752396329
2022-06-09,AMZN,Consumer,179.46,178.82,177.47,178.01,545941034
2022-06-10,AMZN,Consumer,174.4,177.85,176.2,176.55,442457732
2022-06-13,AMZN,Consumer,176.52,177.73,174.5,175.81,544487680
2022-06-14,AMZN,Consumer,177.35,176.69,176.12,176.25,516050192
2022-06-15,AMZN,Consumer,170.15,172.88,170.15,170.65,259248894
2022-06-16,AMZN,Consumer,171.89,172.35,170.02,172.19,319193993
2022-06-17,AMZN,Consumer,176.23,176.94,175.4,175.64,476108553
2022-06-20,AMZN,Consumer,176.44,178.24,175.71,176.59,954006719
2022-06-21,AMZN,Consumer,166.93,170.21,165.17,167.46,475340160
2022-06-22,AMZN,Consumer,167.19,168.31,165.55,166.97,363356117
2022-06-23,AMZN,Consumer,167.64,168.19,167.98,168.1,375950492
2022-06-24,AMZN,Consumer,168.48,170.49,168.4,169.21,659326938
2022-06-27,AMZN,Consumer,167.64,170.27,167.92,169.14,371662952
2022-06-28,AMZN,Consumer,166.96,166.45,165.5,166.34,420067037
2022-06-29,AMZN,Consumer,166.92,167.15,166.68,166.94,626275134
2022-06-30,AMZN,Consumer,163.0,165.91,163.76,164.07,533002503
2022-07-01,AMZN,Consumer,160.42,161.91,158.2,161.05,572879620
2022-07-04,AMZN,Consumer,154.39,155.44,153.78,154.88,279735970
2022-07-05,AMZN,Consumer,156.74,158.69,157.39,157.42,1074113511
2022-07-06,AMZN,Consumer,154.01,157.55,154.3,154.87,795359201
2022-07-07,AMZN,Consumer,152.69,154.36,151.89,153.61,365593067
2022-07-08,AMZN,Consumer,152.95,155.29,152.6,153.4,616192694
2022-07-11,AMZN,Consumer,153.18,151.69,149.62,151.5,247308075
2022-07-12,AMZN,Consumer,149.48,150.51,148.17,150.48,1308113771
2022-07-13,AMZN,Consumer,153.46,153.54,151.82,153.03,337898694
2022-07-14,AMZN,Consumer,156.9,158.56,157.2,157.34,296109098
2022-07-15,AMZN,Consumer,158.53,160.64,158.4,159.95,825983496
2022-07-18,AMZN,Consumer,168.59,169.43,166.26,168.82,244272540
2022-07-19,AMZN,Consumer,167.23,169.14,166.61,167.73,652792397
2022-07-20,AMZN,Consumer,168.2,168.58,167.47,167.79,390855860
2022-07-21,AMZN,Consumer,168.16,169.95,166.96,168.7,853131063
2022-07-22,AMZN,Consumer,167.03,168.15,167.22,167.88,202777485
2022-07-25,AMZN,Consumer,164.86,164.46,163.76,164.03,388234955
2022-07-26,AMZN,Consumer,162.01,162.76,160.28,160.9,913839154
2022-07-27,AMZN,Consumer,163.73,164.3,161.24,163.46,670185325
2022-07-28,AMZN,Consumer,162.35,164.13,161.47,162.36,500137033
2022-07-29,AMZN,Consumer,168.92,169.4,167.69,169.29,415154815
2022-08-01,AMZN,Consumer,164.39,165.36,163.7,164.39,777402902
2022-08-02,AMZN,Consumer,165.02,165.56,162.26,165.09,867824865
2022-08-03,AMZN,Consumer,163.86,164.61,162.47,163.69,149492762
2022-08-04,AMZN,Consumer,164.17,165.41,163.11,163.8,205071966
2022-08-05,AMZN,Consumer,162.23,161.78,160.72,161.25,451265593
2022-08-08,AMZN,Consumer,160.91,162.76,161.46,162.74,601841600
2022-08-09,AMZN,Consumer,163.93,164.22,161.3,163.41,424762166
2022-08-10,AMZN,Consumer,164.89,167.93,162.63,165.46,436942512
2022-08-11,AMZN,Consumer,170.93,173.05,168.16,170.81,462427187
2022-08-12,AMZN,Consumer,169.21,170.71,168.69,170.12,576627531
2022-08-15,AMZN,Consumer,169.08,169.76,165.24,168.73,659262782
2022-08-16,AMZN,Consumer,170.83,174.97,170.58,173.0,330334651
2022-08-17,AMZN,Consumer,171.17,172.11,171.01,171.31,482263560
2022-08-18,AMZN,Consumer,168.26,169.68,166.7,167.67,1071416227
2022-08-19,AMZN,Consumer,165.79,165.72,164.44,164.81,808734621
2022-08-22,AMZN,Consumer,166.16,166.08,164.35,165.63,344560344
2022-08-23,AMZN,Consumer,161.76,161.21,158.89,160.84,278195946
2022-08-24,AMZN,Consumer,157.15,158.35,155.33,156.75,356542637
2022-08-25,AMZN,Consumer,162.53,163.38,160.89,162.38,550367847
2022-08-26,AMZN,Consumer,155.58,158.13,155.11,155.39,276411453
2022-08-29,AMZN,Consumer,151.61,152.39,151.03,151.71,716651953
2022-08-30,AMZN,Consumer,147.89,148.26,145.89,147.84,516794701
2022-08-31,AMZN,Consumer,156.68,157.12,154.39,155.38,412427518
2022-09-01,AMZN,Consumer,158.67,159.61,157.5,158.37,723262899
2022-09-02,AMZN,Consumer,163.29,164.36,162.23,162.32,408845371
2022-09-05,AMZN,Consumer,165.94,165.87,165.0,165.59,217486534
2022-09-06,AMZN,Consumer,162.22,161.68,159.36,161.55,750145678
2022-09-07,AMZN,Consumer,164.41,164.22,160.96,162.76,522188093
2022-09-08,AMZN,Consumer,164.53,164.9,163.93,164.63,476852549
2022-09-09,AMZN,Consumer,167.88,171.11,166.08,167.96,268878391
2022-09-12,AMZN,Consumer,174.45,174.71,171.89,173.9,1160544997
2022-09-13,AMZN,Consumer,177.74,176.78,175.91,176.49,313371631
2022-09-14,AMZN,Consumer,175.82,176.74,174.46,176.11,844166702
2022-09-15,AMZN,Consumer,178.82,179.27,178.14,178.35,325119975
2022-09-16,AMZN,Consumer,177.48,177.47,176.8,177.19,452741716
2022-09-19,AMZN,Consumer,176.14,180.22,174.5,175.77,431766612
2022-09-20,AMZN,Consumer,172.45,174.26,173.67,174.08,221360953
2022-09-21,AMZN,Consumer,172.96,171.98,171.37,171.7,231201829
2022-09-22,AMZN,Consumer,169.66,170.96,168.73,168.91,1353045036
2022-09-23,AMZN,Consumer,164.76,166.51,166.02,166.38,415420408
2022-09-26,AMZN,Consumer,169.34,170.39,168.82,169.66,349478073
2022-09-27,AMZN,Consumer,174.59,175.14,174.03,174.44,1007621568
2022-09-28,AMZN,Consumer,178.74,180.07,176.53,178.23,469806364
2022-09-29,AMZN,Consumer,176.54,177.93,176.23,176.49,716518281
2022-09-30,AMZN,Consumer,175.67,177.29,173.99,175.09,993670697
2022-10-03,AMZN,Consumer,170.82,170.3,168.29,169.84,445297074
2022-10-04,AMZN,Consumer,166.17,168.42,165.56,167.14,265743781
2022-10-05,AMZN,Consumer,168.59,168.87,167.62,168.02,340161715
2022-10-06,AMZN,Consumer,160.03,160.8,160.17,160.26,271832973
2022-10-07,AMZN,Consumer,154.87,154.54,152.8,153.9,878614411
2022-10-10,AMZN,Consumer,151.67,152.58,150.59,151.19,592632362
2022-10-11,AMZN,Consumer,144.88,145.53,144.5,144.53,712046432
2022-10-12,AMZN,Consumer,145.53,145.42,144.94,145.03,567319290
2022-10-13,AMZN,Consumer,145.64,145.6,145.19,145.29,554588909
2022-10-14,AMZN,Consumer,146.07,148.12,146.24,146.55,754679257
2022-10-17,AMZN,Consumer,142.55,143.42,141.81,142.19,260333585
2022-10-18,AMZN,Consumer,141.7,141.72,140.48,141.03,690725278
2022-10-19,AMZN,Consumer,142.02,141.63,139.49,141.02,652327275
2022-10-20,AMZN,Consumer,138.67,139.67,138.79,138.87,603107349
2022-10-21,AMZN,Consumer,136.3,137.02,136.51,136.64,677921871
2022-10-24,AMZN,Consumer,140.88,143.16,140.41,142.3,450003504
2022-10-25,AMZN,Consumer,139.14,140.5,140.12,140.27,195790953
2022-10-26,AMZN,Consumer,140.05,141.38,140.74,141.22,614116760
2022-10-27,AMZN,Consumer,145.25,145.54,144.23,145.22,245042680
2022-10-28,AMZN,Consumer,148.42,148.74,146.54,148.64,611637751
2022-10-31,AMZN,Consumer,148.01,147.92,146.15,147.6,350813534
2022-11-01,AMZN,Consumer,140.37,141.06,139.53,140.64,1156879918
2022-11-02,AMZN,Consumer,141.96,142.39,141.86,142.01,425292694
2022-11-03,AMZN,Consumer,140.35,141.71,140.05,141.11,276688387
2022-11-04,AMZN,Consumer,146.72,148.12,147.14,147.5,662592779
2022-11-07,AMZN,Consumer,147.28,147.42,146.02,147.17,392514183
2022-11-08,AMZN,Consumer,145.14,145.58,142.95,144.73,683162333
2022-11-09,AMZN,Consumer,142.17,142.9,141.72,141.97,449466779
2022-11-10,AMZN,Consumer,142.14,145.39,142.79,143.37,733223988
2022-11-11,AMZN,Consumer,148.63,149.19,147.43,148.72,277335426
2022-11-14,AMZN,Consumer,150.11,152.5,150.51,150.87,516927061
2022-11-15,AMZN,Consumer,148.96,149.91,149.67,149.7,663764868
2022-11-16,AMZN,Consumer,149.94,150.77,146.9,149.58,449375645
2022-11-17,AMZN,Consumer,154.55,156.56,154.11,154.29,296038061
2022-11-18,AMZN,Consumer,154.09,154.08,153.61,153.83,641881473
2022-11-21,AMZN,Consumer,154.26,156.18,153.52,154.68,421310101
2022-11-22,AMZN,Consumer,159.06,159.78,157.85,158.31,417611136
2022-11-23,AMZN,Consumer,159.77,160.13,159.63,159.96,677237604
2022-11-24,AMZN,Consumer,154.98,155.02,154.2,154.57,1023481933
2022-11-25,AMZN,Consumer,154.3,155.1,152.48,153.28,730130295
2022-11-28,AMZN,Consumer,150.72,150.62,150.19,150.25,433917163
2022-11-29,AMZN,Consumer,149.9,150.91,149.16,149.28,433466146
2022-11-30,AMZN,Consumer,155.98,155.64,154.04,154.8,388392430
2022-12-01,AMZN,Consumer,158.84,161.44,160.1,160.3,480501471
2022-12-02,AMZN,Consumer,160.15,162.2,158.66,160.7,724209216
2022-12-05,AMZN,Consumer,161.87,164.86,162.8,163.46,448890160
2022-12-06,AMZN,Consumer,159.59,159.61,158.1,159.35,861379242
2022-12-07,AMZN,Consumer,160.72,162.26,157.36,160.6,435949411
2022-12-08,AMZN,Consumer,157.04,159.33,156.27,157.19,676835563
2022-12-09,AMZN,Consumer,158.59,159.92,156.58,157.89,496775797
2022-12-12,AMZN,Consumer,160.59,160.91,158.98,160.35,345422031
2022-12-13,AMZN,Consumer,159.41,160.67,159.73,160.36,478096976
2022-12-14,AMZN,Consumer,162.43,161.84,160.06,161.8,483353873
2022-12-15,AMZN,Consumer,161.14,163.01,162.1,162.62,417266995
2022-12-16,AMZN,Consumer,157.21,158.97,157.28,157.36,759673023
2022-12-19,AMZN,Consumer,158.6,160.3,158.78,158.87,202800552
2022-12-20,AMZN,Consumer,155.34,156.73,156.36,156.5,862920212
2022-12-21,AMZN,Consumer,155.58,156.25,155.7,156.2,609517358
2022-12-22,AMZN,Consumer,156.14,156.1,154.27,154.98,697082751
2022-12-23,AMZN,Consumer,159.36,158.84,156.16,158.18,1355257682
2022-12-26,AMZN,Consumer,162.72,164.03,162.08,163.59,209060390
2022-12-27,AMZN,Consumer,163.5,165.35,163.07,163.26,965154241
2022-12-28,AMZN,Consumer,161.75,164.49,159.27,161.85,363479285
2022-12-29,AMZN,Consumer,165.44,164.84,162.86,164.39,891328579
2022-12-30,AMZN,Consumer,165.09,166.66,163.37,165.0,377871399
2023-01-02,AMZN,Consumer,164.94,165.15,162.85,163.81,295650445
2023-01-03,AMZN,Consumer,163.87,163.61,162.04,162.62,598698297
2023-01-04,AMZN,Consumer,169.01,170.01,167.84,169.28,488643433
2023-01-05,AMZN,Consumer,172.65,174.95,171.72,172.72,965993356
2023-01-06,AMZN,Consumer,164.46,166.32,163.55,164.45,656712460
2023-01-09,AMZN,Consumer,165.2,165.48,163.66,164.73,797671378
2023-01-10,AMZN,Consumer,169.43,171.93,168.87,169.2,226535849
2023-01-11,AMZN,Consumer,166.76,167.53,165.87,167.27,722458119
2023-01-12,AMZN,Consumer,166.99,167.56,166.99,167.32,391494245
2023-01-13,AMZN,Consumer,160.68,161.41,160.48,161.09,597602593
2023-01-16,AMZN,Consumer,163.95,163.78,162.17,163.48,418619062
2023-01-17,AMZN,Consumer,162.99,162.27,161.12,161.86,880135580
2023-01-18,AMZN,Consumer,160.84,160.11,159.12,159.98,775861617
2023-01-19,AMZN,Consumer,160.02,161.41,158.53,159.8,575708946
2023-01-20,AMZN,Consumer,155.09,156.05,155.2,155.99,843017774
2023-01-23,AMZN,Consumer,153.95,156.3,154.08,154.74,385839294
2023-01-24,AMZN,Consumer,154.72,154.94,154.2,154.46,445367488
2023-01-25,AMZN,Consumer,154.22,156.39,153.8,154.28,1085326271
2023-01-26,AMZN,Consumer,151.4,153.33,150.39,151.14,293029396
2023-01-27,AMZN,Consumer,144.28,147.9,144.45,146.1,385822696
2023-01-30,AMZN,Consumer,151.28,152.07,150.9,151.49,277006495
2023-01-31,AMZN,Consumer,146.04,147.09,143.71,145.86,755801812
2023-02-01,AMZN,Consumer,141.62,142.29,139.87,141.24,356326194
2023-02-02,AMZN,Consumer,144.37,146.42,144.71,145.02,394557581
2023-02-03,AMZN,Consumer,144.86,146.2,144.88,145.98,229834084
2023-02-06,AMZN,Consumer,145.31,147.18,145.87,146.6,489929921
2023-02-07,AMZN,Consumer,146.38,147.24,146.4,146.48,873920805
2023-02-08,AMZN,Consumer,141.7,142.9,140.39,142.29,264584554
2023-02-09,AMZN,Consumer,143.98,144.86,144.77,144.78,417649554
2023-02-10,AMZN,Consumer,143.34,142.83,141.27,142.39,209914271
2023-02-13,AMZN,Consumer,138.99,141.79,139.42,139.91,541327915
2023-02-14,AMZN,Consumer,140.41,139.42,137.28,138.49,427824682
2023-02-15,AMZN,Consumer,132.16,134.25,132.02,132.66,304274391
2023-02-16,AMZN,Consumer,135.87,134.94,132.59,134.67,390525868
2023-02-17,AMZN,Consumer,139.86,140.56,138.03,139.14,350292376
2023-02-20,AMZN,Consumer,133.16,133.92,133.04,133.47,416116501
2023-02-21,AMZN,Consumer,137.35,136.98,135.94,136.87,535567657
2023-02-22,AMZN,Consumer,129.33,129.76,128.91,129.32,757739555
2023-02-23,AMZN,Consumer,127.7,127.78,125.84,127.44,1288223336
2023-02-24,AMZN,Consumer,124.77,125.45,123.98,124.69,285137438
2023-02-27,AMZN,Consumer,124.77,126.74,125.34,125.88,797971812
2023-02-28,AMZN,Consumer,128.66,129.37,128.13,128.52,812961815
2023-03-01,AMZN,Consumer,133.94,135.02,132.84,133.99,454706845
2023-03-02,AMZN,Consumer,129.2,129.8,128.47,129.5,280169912
2023-03-03,AMZN,Consumer,127.23,128.68,128.16,128.26,235504581
2023-03-06,AMZN,Consumer,129.47,130.15,128.21,129.32,657122541
2023-03-07,AMZN,Consumer,133.96,133.71,132.76,133.38,625934807
2023-03-08,AMZN,Consumer,132.89,134.35,132.64,132.87,490340852
2023-03-09,AMZN,Consumer,130.46,130.26,128.72,130.17,492759465
2023-03-10,AMZN,Consumer,130.15,130.09,128.97,129.75,410985120
2023-03-13,AMZN,Consumer,130.83,131.22,129.66,130.72,164652550
2023-03-14,AMZN,Consumer,131.88,132.84,131.35,132.14,566237079
2023-03-15,AMZN,Consumer,136.42,137.86,136.29,136.32,845514243
2023-03-16,AMZN,Consumer,132.51,132.2,130.45,131.86,583544860
2023-03-17,AMZN,Consumer,127.74,127.58,126.93,127.53,323699656
2023-03-20,AMZN,Consumer,124.44,126.75,123.48,124.69,524823667
2023-03-21,AMZN,Consumer,124.1,125.79,123.47,124.73,337952455
2023-03-22,AMZN,Consumer,126.41,126.57,124.01,125.77,726812995
2023-03-23,AMZN,Consumer,125.46,127.0,125.26,125.48,528200904
2023-03-24,AMZN,Consumer,127.11,128.1,126.97,127.45,668102042
2023-03-27,AMZN,Consumer,129.36,129.9,127.85,129.49,662653574
2023-03-28,AMZN,Consumer,134.41,135.97,134.22,134.68,955650357
2023-03-29,AMZN,Consumer,134.34,135.59,134.01,134.61,263037288
2023-03-30,AMZN,Consumer,132.08,133.84,131.6,132.01,428179531
2023-03-31,AMZN,Consumer,132.97,133.2,132.59,132.9,749112079
2023-04-03,AMZN,Consumer,131.69,134.05,132.35,133.01,1336618238
2023-04-04,AMZN,Consumer,135.14,136.47,135.26,135.57,1049178806
2023-04-05,AMZN,Consumer,131.92,131.5,131.26,131.38,460579200
2023-04-06,AMZN,Consumer,126.38,126.59,125.35,126.33,993841721
2023-04-07,AMZN,Consumer,121.3,122.31,121.0,121.54,702434581
2023-04-10,AMZN,Consumer,121.25,121.51,120.5,121.11,715791023
2023-04-11,AMZN,Consumer,119.82,119.94,119.14,119.19,438684068
2023-04-12,AMZN,Consumer,120.39,120.27,120.14,120.23,634535462
2023-04-13,AMZN,Consumer,116.56,118.3,115.22,116.96,462827727
2023-04-14,AMZN,Consumer,117.76,119.55,116.3,118.06,167514966
2023-04-17,AMZN,Consumer,118.25,118.43,116.67,118.17,817705303
2023-04-18,AMZN,Consumer,119.89,120.14,118.38,119.73,230082613
2023-04-19,AMZN,Consumer,122.88,123.33,122.0,123.18,554970431
2023-04-20,AMZN,Consumer,124.02,123.82,123.35,123.78,305334473
2023-04-21,AMZN,Consumer,120.56,121.72,119.82,120.52,1115502921
2023-04-24,AMZN,Consumer,119.24,121.12,119.68,119.85,1222324359
2023-04-25,AMZN,Consumer,122.25,122.62,121.78,122.5,734407432
2023-04-26,AMZN,Consumer,115.95,117.04,115.18,116.09,538216335
2023-04-27,AMZN,Consumer,112.57,114.35,111.61,112.69,396288116
2023-04-28,AMZN,Consumer,116.52,117.1,114.39,115.27,305916985
2023-05-01,AMZN,Consumer,113.33,114.31,112.83,113.23,449669954
2023-05-02,AMZN,Consumer,114.93,116.41,113.87,115.28,731108034
2023-05-03,AMZN,Consumer,113.39,114.86,113.2,114.13,417255831
2023-05-04,AMZN,Consumer,114.66,115.51,114.27,114.99,981222446
2023-05-05,AMZN,Consumer,114.34,115.32,114.02,114.7,173772360
2023-05-08,AMZN,Consumer,115.52,115.71,115.13,115.65,391222163
2023-05-09,AMZN,Consumer,120.44,122.21,120.08,120.79,410181659
2023-05-10,AMZN,Consumer,120.82,120.76,119.44,119.99,613693901
2023-05-11,AMZN,Consumer,121.59,121.24,119.8,120.29,401072468
2023-05-12,AMZN,Consumer,117.7,119.87,118.87,119.34,594075927
2023-05-15,AMZN,Consumer,116.52,118.66,116.45,117.15,409589285
2023-05-16,AMZN,Consumer,121.13,122.33,119.48,120.97,861980909
2023-05-17,AMZN,Consumer,115.61,117.19,116.27,116.81,723239272
2023-05-18,AMZN,Consumer,119.78,119.4,117.91,119.1,510835900
2023-05-19,AMZN,Consumer,118.29,118.87,117.92,117.95,412567987
2023-05-22,AMZN,Consumer,112.07,113.43,112.12,112.29,744764928
2023-05-23,AMZN,Consumer,115.26,118.69,115.68,116.09,622687442
2023-05-24,AMZN,Consumer,115.36,117.04,115.98,116.45,387340962
2023-05-25,AMZN,Consumer,118.13,118.48,116.42,117.52,350918252
2023-05-26,AMZN,Consumer,119.03,118.98,118.32,118.5,262692042
2023-05-29,AMZN,Consumer,116.26,116.93,114.52,116.76,1345547651
2023-05-30,AMZN,Consumer,121.52,122.04,121.65,121.94,468899367
2023-05-31,AMZN,Consumer,117.85,118.28,116.79,118.21,430147120
2023-06-01,AMZN,Consumer,113.85,114.16,113.58,113.82,435317616
2023-06-02,AMZN,Consumer,113.3,113.57,113.09,113.12,540222369
2023-06-05,AMZN,Consumer,116.83,116.58,115.77,115.95,598618024
2023-06-06,AMZN,Consumer,120.09,119.89,117.55,119.31,519090147
2023-06-07,AMZN,Consumer,119.35,119.48,118.88,119.21,360882134
2023-06-08,AMZN,Consumer,122.02,122.7,122.21,122.59,554949620
2023-06-09,AMZN,Consumer,122.15,123.51,122.12,123.13,663338284
2023-06-12,AMZN,Consumer,127.37,128.23,125.57,127.19,483454879
2023-06-13,AMZN,Consumer,125.63,127.51,125.12,126.12,328516184
2023-06-14,AMZN,Consumer,128.89,130.85,127.33,128.91,561791989
2023-06-15,AMZN,Consumer,130.17,130.63,127.68,130.32,432289873
2023-06-16,AMZN,Consumer,128.84,128.2,127.44,128.07,230406999
2023-06-19,AMZN,Consumer,127.42,127.87,126.82,127.42,636319901
2023-06-20,AMZN,Consumer,124.35,126.75,124.19,125.19,283422273
2023-06-21,AMZN,Consumer,122.14,123.01,121.09,122.34,609014234
2023-06-22,AMZN,Consumer,122.57,122.45,121.16,122.2,357052737
2023-06-23,AMZN,Consumer,121.38,121.6,121.27,121.37,333344347
2023-06-26,AMZN,Consumer,120.32,120.6,119.28,120.6,588942986
2023-06-27,AMZN,Consumer,116.52,118.33,116.06,117.25,956517666
2023-06-28,AMZN,Consumer,117.45,117.31,116.45,116.91,594390464
2023-06-29,AMZN,Consumer,114.96,115.93,113.51,114.85,645951967
2023-06-30,AMZN,Consumer,116.14,116.64,115.46,116.53,863214974
2023-07-03,AMZN,Consumer,115.52,115.46,114.33,115.33,385926586
2023-07-04,AMZN,Consumer,117.94,118.75,117.55,118.02,368312337
2023-07-05,AMZN,Consumer,114.55,115.15,114.19,114.37,522572324
2023-07-06,AMZN,Consumer,114.04,114.49,113.58,113.64,199856953
2023-07-07,AMZN,Consumer,103.76,104.11,102.69,103.87,417147936
2023-07-10,AMZN,Consumer,107.98,107.87,107.39,107.53,583321350
2023-07-11,AMZN,Consumer,106.65,107.39,105.53,106.48,223789201
2023-07-12,AMZN,Consumer,106.15,107.15,105.55,106.99,359259818
2023-07-13,AMZN,Consumer,108.44,109.25,108.8,108.96,361073041
2023-07-14,AMZN,Consumer,111.91,112.02,111.64,111.97,268525715
2023-07-17,AMZN,Consumer,113.73,114.77,112.2,114.31,731996624
2023-07-18,AMZN,Consumer,109.89,111.18,110.18,111.04,437914289
2023-07-19,AMZN,Consumer,110.32,110.32,109.36,109.7,453887824
2023-07-20,AMZN,Consumer,109.63,110.33,110.23,110.23,844472137
2023-07-21,AMZN,Consumer,110.72,111.33,110.26,110.98,444265493
2023-07-24,AMZN,Consumer,107.55,108.71,106.75,107.27,349995657
2023-07-25,AMZN,Consumer,104.71,105.58,104.51,104.89,1432605607
2023-07-26,AMZN,Consumer,106.82,108.24,106.36,107.36,263303440
2023-07-27,AMZN,Consumer,104.12,105.9,104.32,104.78,391110974
2023-07-28,AMZN,Consumer,103.83,104.48,104.05,104.26,683562189
2023-07-31,AMZN,Consumer,102.49,102.95,102.26,102.82,364969478
2023-08-01,AMZN,Consumer,104.48,104.91,103.87,104.19,1354971449
2023-08-02,AMZN,Consumer,105.05,106.01,105.16,105.61,514033177
2023-08-03,AMZN,Consumer,105.77,105.85,105.48,105.57,415198136
2023-08-04,AMZN,Consumer,106.48,106.78,105.47,105.74,569007498
2023-08-07,AMZN,Consumer,105.14,107.33,104.57,105.73,1142352655
2023-08-08,AMZN,Consumer,106.1,106.07,104.85,105.86,636967973
2023-08-09,AMZN,Consumer,103.48,103.46,103.07,103.35,277234667
2023-08-10,AMZN,Consumer,106.11,107.0,105.92,106.22,453175001
2023-08-11,AMZN,Consumer,105.28,104.81,104.21,104.44,778834519
2023-08-14,AMZN,Consumer,106.59,106.93,105.66,106.62,788185660
2023-08-15,AMZN,Consumer,104.25,104.22,101.77,103.7,983880070
2023-08-16,AMZN,Consumer,104.64,105.03,103.63,104.23,672958396
2023-08-17,AMZN,Consumer,104.82,106.03,104.47,104.92,508884188
2023-08-18,AMZN,Consumer,103.11,102.76,101.17,102.58,496611547
2023-08-21,AMZN,Consumer,101.78,102.11,101.24,101.43,638013173
2023-08-22,AMZN,Consumer,99.53,100.56,99.36,99.89,499918122
2023-08-23,AMZN,Consumer,99.56,100.44,99.5,100.19,186589269
2023-08-24,AMZN,Consumer,99.88,100.4,97.37,98.97,440538903
2023-08-25,AMZN,Consumer,95.02,96.9,94.65,95.12,929644395
2023-08-28,AMZN,Consumer,96.5,97.14,96.27,96.96,550899989
2023-08-29,AMZN,Consumer,98.8,98.79,97.66,98.48,600309241
2023-08-30,AMZN,Consumer,96.08,96.79,95.66,96.19,1073911739
2023-08-31,AMZN,Consumer,97.31,97.66,97.27,97.28,337071234
2023-09-01,AMZN,Consumer,95.64,95.89,94.71,95.35,1034991495
2023-09-04,AMZN,Consumer,93.77,95.51,93.57,94.25,201242369
2023-09-05,AMZN,Consumer,93.46,93.73,92.96,93.35,267201420
2023-09-06,AMZN,Consumer,92.12,92.85,91.26,92.57,329996690
2023-09-07,AMZN,Consumer,94.8,95.67,95.01,95.52,881475037
2023-09-08,AMZN,Consumer,98.53,99.85,97.73,98.28,669602108
2023-09-11,AMZN,Consumer,96.9,97.08,96.38,96.84,882782373
2023-09-12,AMZN,Consumer,94.83,95.99,94.64,95.23,730542019
2023-09-13,AMZN,Consumer,96.96,97.85,96.17,97.19,732148775
2023-09-14,AMZN,Consumer,96.96,98.14,96.95,97.31,1190051504
2023-09-15,AMZN,Consumer,100.68,101.13,99.55,100.65,711381027
2023-09-18,AMZN,Consumer,103.06,104.15,103.74,103.95,465411834
2023-09-19,AMZN,Consumer,105.58,106.66,105.43,105.86,180562803
2023-09-20,AMZN,Consumer,105.06,105.0,104.48,104.74,1309404388
2023-09-21,AMZN,Consumer,105.12,105.24,104.84,105.06,320647555
2023-09-22,AMZN,Consumer,105.61,105.75,105.19,105.37,602666060
2023-09-25,AMZN,Consumer,100.73,101.81,100.75,101.29,279293591
2023-09-26,AMZN,Consumer,102.53,102.47,100.91,102.29,236201528
2023-09-27,AMZN,Consumer,103.55,102.83,101.9,102.63,245218899
2023-09-28,AMZN,Consumer,102.65,102.77,102.19,102.54,406757148
2023-09-29,AMZN,Consumer,101.81,102.49,100.78,101.58,767680430
2023-10-02,AMZN,Consumer,101.1,101.45,100.05,100.92,288470500
2023-10-03,AMZN,Consumer,105.87,106.15,104.82,105.05,654606519
2023-10-04,AMZN,Consumer,105.9,106.31,104.32,105.49,1030256482
2023-10-05,AMZN,Consumer,103.99,105.45,102.45,104.5,458362804
2023-10-06,AMZN,Consumer,107.99,108.79,107.95,108.21,362457267
2023-10-09,AMZN,Consumer,111.21,111.77,109.71,111.59,315886011
2023-10-10,AMZN,Consumer,110.24,110.78,110.19,110.28,935635542
2023-10-11,AMZN,Consumer,108.67,110.24,108.04,108.62,421528606
2023-10-12,AMZN,Consumer,108.54,109.34,108.57,108.95,276727177
2023-10-13,AMZN,Consumer,114.06,115.43,114.34,114.98,421864040
2023-10-16,AMZN,Consumer,114.79,115.13,112.2,114.7,273040111
2023-10-17,AMZN,Consumer,115.39,116.51,114.76,115.55,286667987
2023-10-18,AMZN,Consumer,114.96,115.47,112.7,114.38,253779326
2023-10-19,AMZN,Consumer,113.49,114.65,113.4,113.96,543271115
2023-10-20,AMZN,Consumer,115.79,117.89,116.66,116.8,398572311
2023-10-23,AMZN,Consumer,116.1,117.72,116.49,116.92,504228101
2023-10-24,AMZN,Consumer,119.97,120.72,119.08,119.67,889389081
2023-10-25,AMZN,Consumer,115.72,115.93,115.51,115.78,140624526
2023-10-26,AMZN,Consumer,116.48,118.51,116.98,117.09,375375109
2023-10-27,AMZN,Consumer,121.9,122.57,121.06,121.68,348598519
2023-10-30,AMZN,Consumer,122.1,121.26,120.65,121.18,848659894
2023-10-31,AMZN,Consumer,117.8,117.64,116.74,117.43,354203837
2023-11-01,AMZN,Consumer,125.14,126.27,123.91,125.0,1398130085
2023-11-02,AMZN,Consumer,122.72,123.0,121.68,122.74,410422663
2023-11-03,AMZN,Consumer,125.1,124.57,123.27,124.3,565658744
2023-11-06,AMZN,Consumer,125.17,125.35,124.64,125.13,485017610
2023-11-07,AMZN,Consumer,128.47,130.02,126.92,128.47,343828238
2023-11-08,AMZN,Consumer,127.55,128.04,126.94,127.63,186385903
2023-11-09,AMZN,Consumer,125.7,125.85,122.22,124.95,629612428
2023-11-10,AMZN,Consumer,128.89,128.81,126.49,128.61,917649953
2023-11-13,AMZN,Consumer,130.92,131.96,131.17,131.27,322098116
2023-11-14,AMZN,Consumer,133.32,135.35,133.11,134.06,230296055
2023-11-15,AMZN,Consumer,133.52,135.79,134.34,134.54,738382299
2023-11-16,AMZN,Consumer,139.93,140.29,139.03,139.57,1091628957
2023-11-17,AMZN,Consumer,138.56,139.48,137.31,138.01,486654860
2023-11-20,AMZN,Consumer,135.83,137.44,135.78,136.36,497222100
2023-11-21,AMZN,Consumer,132.06,133.07,132.07,132.34,477255601
2023-11-22,AMZN,Consumer,132.4,133.45,131.87,132.5,710751966
2023-11-23,AMZN,Consumer,133.61,134.17,133.58,133.71,624605414
2023-11-24,AMZN,Consumer,133.29,133.08,130.58,132.67,331686123
2023-11-27,AMZN,Consumer,134.47,134.5,133.95,134.38,879462358
2023-11-28,AMZN,Consumer,135.6,135.5,134.31,135.44,515547133
2023-11-29,AMZN,Consumer,136.01,136.52,136.4,136.41,333254290
2023-11-30,AMZN,Consumer,133.34,134.94,132.52,133.46,510835812
2023-12-01,AMZN,Consumer,133.42,135.2,131.03,132.7,606296637
2023-12-04,AMZN,Consumer,137.64,139.39,136.22,138.31,546677147
2023-12-05,AMZN,Consumer,134.37,134.49,134.06,134.48,693275983
2023-12-06,AMZN,Consumer,135.36,135.37,134.2,134.81,349889862
2023-12-07,AMZN,Consumer,138.34,138.91,135.73,137.56,1359266902
2023-12-08,AMZN,Consumer,138.18,139.03,137.22,138.37,531460859
2023-12-11,AMZN,Consumer,134.76,134.56,133.87,134.41,826501559
2023-12-12,AMZN,Consumer,132.06,132.72,130.15,132.16,536199522
2023-12-13,AMZN,Consumer,131.65,132.87,130.29,132.0,276123072
2023-12-14,AMZN,Consumer,130.1,132.83,130.05,130.73,660636495
2023-12-15,AMZN,Consumer,129.34,129.75,127.39,128.84,435630887
2023-12-18,AMZN,Consumer,128.72,130.85,129.14,129.27,686531859
2023-12-19,AMZN,Consumer,136.38,137.18,134.45,136.63,515808155
2023-12-20,AMZN,Consumer,136.08,137.73,136.67,136.93,302486025
2023-12-21,AMZN,Consumer,137.97,140.05,138.32,138.92,1172510416
2023-12-22,AMZN,Consumer,136.21,136.84,136.23,136.6,521230531
2023-12-25,AMZN,Consumer,138.25,139.43,137.49,138.37,450867522
2023-12-26,AMZN,Consumer,145.63,146.66,144.48,145.56,410312010
2023-12-27,AMZN,Consumer,146.48,146.6,144.69,145.17,648088714
2023-12-28,AMZN,Consumer,137.01,138.59,136.06,137.26,694450728
2023-12-29,AMZN,Consumer,134.52,135.21,133.09,134.7,190494554
2022-01-03,XOM,Energy,77.95,78.0,77.2,77.95,392956251
2022-01-04,XOM,Energy,79.65,79.27,78.72,79.19,534493903
2022-01-05,XOM,Energy,79.01,79.33,78.54,79.22,486035051
2022-01-06,XOM,Energy,79.35,79.82,78.88,79.01,487449706
2022-01-07,XOM,Energy,80.28,80.55,80.28,80.29,301048122
2022-01-10,XOM,Energy,81.37,80.95,80.6,80.92,259662167
2022-01-11,XOM,Energy,80.42,81.1,80.23,80.44,550040115
2022-01-12,XOM,Energy,81.33,81.66,80.45,80.68,348914663
2022-01-13,XOM,Energy,80.08,80.66,80.26,80.32,618848314
2022-01-14,XOM,Energy,80.44,81.08,79.9,80.58,433385714
2022-01-17,XOM,Energy,81.63,81.67,80.56,81.15,295909382
2022-01-18,XOM,Energy,80.41,80.92,78.88,80.58,1122487140
2022-01-19,XOM,Energy,78.74,79.7,78.64,79.07,424342144
2022-01-20,XOM,Energy,78.73,78.77,77.53,78.26,779878151
2022-01-21,XOM,Energy,78.52,78.95,78.58,78.89,581718872
2022-01-24,XOM,Energy,78.27,78.15,76.81,77.53,590598843
2022-01-25,XOM,Energy,79.08,78.99,78.0,78.84,644925046
2022-01-26,XOM,Energy,78.56,79.1,78.34,78.95,329507512
2022-01-27,XOM,Energy,77.51,77.83,77.1,77.78,340907664
2022-01-28,XOM,Energy,77.98,78.42,77.44,77.5,519171944
2022-01-31,XOM,Energy,79.34,80.16,78.82,79.31,490654216
2022-02-01,XOM,Energy,80.44,80.5,79.04,80.24,275601264
2022-02-02,XOM,Energy,78.55,79.11,79.05,79.11,527018274
2022-02-03,XOM,Energy,79.65,81.0,79.46,80.28,1398494408
2022-02-04,XOM,Energy,79.78,79.9,78.6,79.81,543881031
2022-02-07,XOM,Energy,80.18,80.09,79.13,79.73,492696324
2022-02-08,XOM,Energy,81.93,81.94,81.31,81.6,215508846
2022-02-09,XOM,Energy,79.41,80.84,79.38,80.14,1234909585
2022-02-10,XOM,Energy,77.38,78.6,78.44,78.48,424465584
2022-02-11,XOM,Energy,78.88,79.26,78.46,79.04,692800211
2022-02-14,XOM,Energy,77.67,79.12,77.43,78.24,803745298
2022-02-15,XOM,Energy,76.45,76.66,76.33,76.49,959385609
2022-02-16,XOM,Energy,75.95,76.38,75.98,76.01,1532221625
2022-02-17,XOM,Energy,74.21,75.15,74.0,74.39,1095699992
2022-02-18,XOM,Energy,72.5,72.65,71.65,72.35,278093500
2022-02-21,XOM,Energy,72.98,72.95,72.56,72.84,424188796
2022-02-22,XOM,Energy,70.88,73.28,71.39,71.67,318441917
2022-02-23,XOM,Energy,70.47,70.8,70.15,70.33,403218342
2022-02-24,XOM,Energy,70.35,70.26,70.01,70.06,573941312
2022-02-25,XOM,Energy,70.71,70.89,70.1,70.6,580513744
2022-02-28,XOM,Energy,71.46,72.27,71.39,71.88,531629449
2022-03-01,XOM,Energy,70.3,70.17,69.85,69.91,346724593
2022-03-02,XOM,Energy,69.48,70.34,68.94,69.71,531328279
2022-03-03,XOM,Energy,70.49,70.25,69.9,70.04,188601759
2022-03-04,XOM,Energy,70.09,69.87,69.37,69.62,883244570
2022-03-07,XOM,Energy,69.67,70.07,68.95,69.34,1199608678
2022-03-08,XOM,Energy,70.09,70.69,70.44,70.63,566659877
2022-03-09,XOM,Energy,69.31,69.91,68.81,69.47,478427524
2022-03-10,XOM,Energy,69.7,70.11,69.18,69.77,327218526
2022-03-11,XOM,Energy,69.91,71.13,69.84,70.03,226050576
2022-03-14,XOM,Energy,69.24,69.95,69.61,69.82,317096691
2022-03-15,XOM,Energy,71.61,72.19,70.86,71.37,269132291
2022-03-16,XOM,Energy,72.27,73.03,72.34,72.89,680826834
2022-03-17,XOM,Energy,72.93,73.4,72.37,72.91,359270153
2022-03-18,XOM,Energy,73.44,73.82,73.26,73.78,231807487
2022-03-21,XOM,Energy,73.04,73.88,73.13,73.24,725540874
2022-03-22,XOM,Energy,72.63,72.4,72.24,72.34,220495052
2022-03-23,XOM,Energy,71.88,72.38,71.3,71.44,376819328
2022-03-24,XOM,Energy,70.89,71.41,70.31,70.92,683240464
2022-03-25,XOM,Energy,69.98,70.56,68.59,69.79,171112910
2022-03-28,XOM,Energy,69.67,69.57,69.0,69.23,651038040
2022-03-29,XOM,Energy,68.45,68.54,68.03,68.52,367672582
2022-03-30,XOM,Energy,69.07,70.93,68.95,69.75,429191510
2022-03-31,XOM,Energy,68.69,68.2,67.77,68.18,536564469
2022-04-01,XOM,Energy,68.02,69.08,67.99,68.0,667786057
2022-04-04,XOM,Energy,66.53,67.53,66.5,67.3,278729254
2022-04-05,XOM,Energy,65.56,65.91,65.46,65.73,296569893
2022-04-06,XOM,Energy,62.44,63.32,62.07,62.57,234403352
2022-04-07,XOM,Energy,63.37,63.57,63.08,63.5,1122798381
2022-04-08,XOM,Energy,62.85,63.54,62.97,63.45,447855262
2022-04-11,XOM,Energy,63.42,64.34,62.63,63.77,362896945
2022-04-12,XOM,Energy,63.92,63.86,63.73,63.79,308846035
2022-04-13,XOM,Energy,65.22,64.93,64.54,64.7,1056479528
2022-04-14,XOM,Energy,65.89,67.21,64.8,65.63,1323048418
2022-04-15,XOM,Energy,67.32,67.71,66.4,66.87,1314946569
2022-04-18,XOM,Energy,67.23,67.95,66.94,67.1,503676015
2022-04-19,XOM,Energy,66.14,66.73,65.48,65.87,1069192882
2022-04-20,XOM,Energy,66.21,67.36,66.75,66.79,386402337
2022-04-21,XOM,Energy,66.7,66.82,66.53,66.56,743223670
2022-04-22,XOM,Energy,66.31,67.31,66.04,66.3,894167755
2022-04-25,XOM,Energy,65.77,66.02,65.6,65.75,772595867
2022-04-26,XOM,Energy,64.91,65.42,65.11,65.12,625465134
2022-04-27,XOM,Energy,64.51,64.56,64.39,64.44,385529897
2022-04-28,XOM,Energy,64.13,64.18,64.03,64.14,1138162752
2022-04-29,XOM,Energy,63.32,63.23,62.41,63.2,277790205
2022-05-02,XOM,Energy,62.78,63.14,62.81,62.96,360263818
2022-05-03,XOM,Energy,64.25,64.48,64.04,64.33,1104520870
2022-05-04,XOM,Energy,63.95,64.48,63.77,64.12,360409390
2022-05-05,XOM,Energy,63.1,63.48,62.49,62.91,400963659
2022-05-06,XOM,Energy,62.65,63.37,62.09,62.74,353915323
2022-05-09,XOM,Energy,61.82,62.28,61.84,61.94,323001560
2022-05-10,XOM,Energy,61.55,61.4,60.6,61.24,371506782
2022-05-11,XOM,Energy,61.02,61.78,61.12,61.13,473167355
2022-05-12,XOM,Energy,62.27,62.58,62.1,62.49,653312147
2022-05-13,XOM,Energy,63.92,63.87,63.38,63.73,986360245
2022-05-16,XOM,Energy,61.47,62.21,61.4,61.88,311579757
2022-05-17,XOM,Energy,61.19,61.47,60.88,61.11,747942996
2022-05-18,XOM,Energy,62.53,62.54,61.7,62.12,670391191
2022-05-19,XOM,Energy,62.38,62.45,62.2,62.22,410122581
2022-05-20,XOM,Energy,62.28,63.24,62.14,62.49,402338762
2022-05-23,XOM,Energy,61.81,61.9,60.89,61.64,465556136
2022-05-24,XOM,Energy,59.92,60.48,59.92,60.08,342413377
2022-05-25,XOM,Energy,60.2,60.2,59.34,60.03,325168269
2022-05-26,XOM,Energy,59.73,60.05,59.78,60.03,420584818
2022-05-27,XOM,Energy,61.43,62.18,60.68,61.51,493822010
2022-05-30,XOM,Energy,60.21,60.9,60.29,60.53,437042508
2022-05-31,XOM,Energy,60.21,61.07,59.62,60.18,549172490
2022-06-01,XOM,Energy,58.49,59.56,59.04,59.23,674798581
2022-06-02,XOM,Energy,58.16,58.74,57.94,58.26,767681948
2022-06-03,XOM,Energy,59.11,59.64,58.95,59.33,1481851206
2022-06-06,XOM,Energy,58.83,59.21,58.34,58.73,346962901
2022-06-07,XOM,Energy,58.72,59.63,58.51,58.62,518655118
2022-06-08,XOM,Energy,56.1,56.59,55.68,56.02,560684800
2022-06-09,XOM,Energy,56.06,56.18,55.43,55.89,615146526
2022-06-10,XOM,Energy,56.37,56.31,55.4,56.23,298963505
2022-06-13,XOM,Energy,56.76,56.79,56.19,56.45,587282693
2022-06-14,XOM,Energy,54.63,54.62,54.31,54.49,777899129
2022-06-15,XOM,Energy,54.83,55.39,54.58,54.66,725572304
2022-06-16,XOM,Energy,54.48,54.94,54.34,54.6,251701810
2022-06-17,XOM,Energy,55.03,54.96,54.3,54.81,420772229
2022-06-20,XOM,Energy,54.06,54.05,53.38,53.86,834412767
2022-06-21,XOM,Energy,53.69,53.91,53.39,53.71,466470156
2022-06-22,XOM,Energy,53.68,53.94,53.83,53.89,776890138
2022-06-23,XOM,Energy,53.61,54.04,53.64,53.97,933061894
2022-06-24,XOM,Energy,54.68,55.14,54.1,54.43,516294584
2022-06-27,XOM,Energy,55.85,55.85,55.12,55.75,548363338
2022-06-28,XOM,Energy,55.54,55.52,54.53,55.27,312757643
2022-06-29,XOM,Energy,54.51,54.51,54.28,54.47,334674982
2022-06-30,XOM,Energy,54.36,54.56,53.97,54.07,484132182
2022-07-01,XOM,Energy,54.73,55.42,54.52,54.78,1436673818
2022-07-04,XOM,Energy,55.98,56.73,55.81,55.98,733418145
2022-07-05,XOM,Energy,55.22,55.75,55.08,55.38,729348394
2022-07-06,XOM,Energy,54.69,54.68,53.63,54.41,915989124
2022-07-07,XOM,Energy,54.56,54.29,53.96,54.16,595138895
2022-07-08,XOM,Energy,53.63,54.3,53.13,53.61,349612598
2022-07-11,XOM,Energy,53.47,54.02,53.33,53.78,1059621127
2022-07-12,XOM,Energy,54.4,55.27,54.28,54.52,940263263
2022-07-13,XOM,Energy,53.7,54.6,54.49,54.51,1082314354
2022-07-14,XOM,Energy,54.97,55.07,54.9,54.92,359908550
2022-07-15,XOM,Energy,55.6,56.03,55.37,55.45,439287842
2022-07-18,XOM,Energy,55.84,56.22,55.34,55.77,681137550
2022-07-19,XOM,Energy,54.17,54.45,53.99,54.22,248323040
2022-07-20,XOM,Energy,53.44,53.96,53.53,53.54,457714334
2022-07-21,XOM,Energy,54.25,54.14,53.92,53.95,788175483
2022-07-22,XOM,Energy,54.39,54.33,54.02,54.3,824592626
2022-07-25,XOM,Energy,54.86,55.5,54.58,55.05,790415524
2022-07-26,XOM,Energy,54.08,53.94,53.61,53.77,530945185
2022-07-27,XOM,Energy,52.56,53.11,52.2,52.7,442764779
2022-07-28,XOM,Energy,52.14,52.4,51.25,51.8,877494737
2022-07-29,XOM,Energy,52.17,52.8,52.37,52.51,765051352
2022-08-01,XOM,Energy,51.82,52.64,51.95,52.47,288651192
2022-08-02,XOM,Energy,53.53,53.53,53.29,53.36,1196700997
2022-08-03,XOM,Energy,55.08,54.86,53.59,54.43,1508672264
2022-08-04,XOM,Energy,54.58,55.16,54.18,54.6,458517693
2022-08-05,XOM,Energy,55.26,55.5,54.83,55.35,675238462
2022-08-08,XOM,Energy,55.69,55.91,55.38,55.79,530502319
2022-08-09,XOM,Energy,52.88,53.18,52.66,52.99,384281649
2022-08-10,XOM,Energy,52.39,52.59,51.94,52.17,204666630
2022-08-11,XOM,Energy,51.9,52.18,51.95,52.06,408069419
2022-08-12,XOM,Energy,52.87,53.55,51.99,52.74,475004127
2022-08-15,XOM,Energy,53.44,54.1,53.19,53.48,960322943
2022-08-16,XOM,Energy,53.59,53.65,53.2,53.46,1122270605
2022-08-17,XOM,Energy,54.43,54.3,53.98,54.27,625019767
2022-08-18,XOM,Energy,55.37,55.68,55.13,55.19,400591410
2022-08-19,XOM,Energy,53.99,54.56,54.41,54.44,745947872
2022-08-22,XOM,Energy,52.13,53.33,51.57,52.2,487457263
2022-08-23,XOM,Energy,52.41,52.7,52.37,52.45,462826883
2022-08-24,XOM,Energy,52.65,53.16,52.59,52.61,517450698
2022-08-25,XOM,Energy,52.52,52.93,52.31,52.46,928098815
2022-08-26,XOM,Energy,52.73,52.5,52.37,52.41,426506309
2022-08-29,XOM,Energy,53.62,53.48,53.07,53.43,416612080
2022-08-30,XOM,Energy,53.82,55.13,53.95,53.95,285105731
2022-08-31,XOM,Energy,53.15,53.76,53.5,53.52,568286863
2022-09-01,XOM,Energy,54.93,54.75,54.28,54.63,900305543
2022-09-02,XOM,Energy,56.4,56.4,55.85,56.18,691333645
2022-09-05,XOM,Energy,56.97,57.71,56.84,56.85,297167310
2022-09-06,XOM,Energy,58.58,58.84,58.54,58.69,351440883
2022-09-07,XOM,Energy,57.83,58.31,57.43,58.06,1285587379
2022-09-08,XOM,Energy,59.26,59.15,58.17,58.72,200092181
2022-09-09,XOM,Energy,57.57,58.02,57.44,57.65,387998186
2022-09-12,XOM,Energy,57.23,57.88,57.53,57.86,295318693
2022-09-13,XOM,Energy,57.26,57.52,56.88,57.4,275612459
2022-09-14,XOM,Energy,56.94,57.8,56.92,57.31,449321691
2022-09-15,XOM,Energy,56.56,56.99,56.4,56.58,325625091
2022-09-16,XOM,Energy,57.38,57.24,56.86,56.92,610518197
2022-09-19,XOM,Energy,57.49,57.78,57.41,57.72,385788873
2022-09-20,XOM,Energy,58.36,58.2,57.8,58.04,237936505
2022-09-21,XOM,Energy,58.18,57.31,56.88,57.21,627880116
2022-09-22,XOM,Energy,57.17,57.39,56.94,57.16,513104951
2022-09-23,XOM,Energy,57.18,56.91,56.17,56.78,550323579
2022-09-26,XOM,Energy,56.04,55.9,54.97,55.66,700435558
2022-09-27,XOM,Energy,56.67,56.89,56.58,56.86,561505837
2022-09-28,XOM,Energy,58.04,58.29,57.61,58.01,433182163
2022-09-29,XOM,Energy,58.22,58.81,57.79,58.6,908102116
2022-09-30,XOM,Energy,57.87,58.77,57.83,57.94,278574285
2022-10-03,XOM,Energy,56.66,56.5,56.06,56.5,499118112
2022-10-04,XOM,Energy,56.52,56.93,56.27,56.92,438300688
2022-10-05,XOM,Energy,56.97,57.19,56.46,56.8,421722740
2022-10-06,XOM,Energy,54.98,55.82,55.41,55.64,319679953
2022-10-07,XOM,Energy,55.07,55.13,54.73,55.08,436689305
2022-10-10,XOM,Energy,54.67,55.28,54.69,54.97,586705600
2022-10-11,XOM,Energy,55.37,55.8,54.78,55.45,1042714047
2022-10-12,XOM,Energy,55.0,55.83,54.76,54.94,493580684
2022-10-13,XOM,Energy,54.34,54.44,54.2,54.42,739005652
2022-10-14,XOM,Energy,54.5,54.86,54.49,54.59,272529857
2022-10-17,XOM,Energy,54.28,55.75,54.05,54.3,643116743
2022-10-18,XOM,Energy,54.09,54.25,53.16,54.1,209502997
2022-10-19,XOM,Energy,53.24,53.22,52.59,53.14,489607936
2022-10-20,XOM,Energy,53.25,53.44,52.91,53.14,242695891
2022-10-21,XOM,Energy,53.88,53.79,53.27,53.63,210176454
2022-10-24,XOM,Energy,52.9,53.54,52.4,53.17,1644377816
2022-10-25,XOM,Energy,53.48,54.5,53.32,53.68,400856634
2022-10-26,XOM,Energy,53.76,54.36,53.92,54.17,2510833467
2022-10-27,XOM,Energy,54.0,54.21,54.02,54.07,515869535
2022-10-28,XOM,Energy,55.08,55.18,54.61,55.13,384632583
2022-10-31,XOM,Energy,55.96,56.85,56.27,56.32,262839429
2022-11-01,XOM,Energy,56.22,56.5,56.18,56.35,360715596
2022-11-02,XOM,Energy,56.17,57.42,55.85,56.35,887351372
2022-11-03,XOM,Energy,56.04,55.76,55.58,55.68,912126006
2022-11-04,XOM,Energy,55.58,55.86,55.35,55.65,390517493
2022-11-07,XOM,Energy,56.48,56.31,55.86,56.12,1231420921
2022-11-08,XOM,Energy,56.58,56.74,56.09,56.25,824885031
2022-11-09,XOM,Energy,56.72,57.16,56.81,57.11,475549433
2022-11-10,XOM,Energy,58.69,58.59,58.08,58.44,421005682
2022-11-11,XOM,Energy,59.34,61.0,59.03,59.62,322025885
2022-11-14,XOM,Energy,60.11,60.07,59.75,59.93,301701210
2022-11-15,XOM,Energy,58.4,59.04,58.56,58.86,788523007
2022-11-16,XOM,Energy,60.3,60.86,60.02,60.11,962393637
2022-11-17,XOM,Energy,59.82,60.08,59.42,59.55,532475002
2022-11-18,XOM,Energy,61.16,60.83,60.0,60.72,302089723
2022-11-21,XOM,Energy,62.23,61.93,61.3,61.88,601580843
2022-11-22,XOM,Energy,62.41,62.58,61.37,62.37,277676662
2022-11-23,XOM,Energy,63.05,63.12,61.96,62.55,828165601
2022-11-24,XOM,Energy,62.74,62.66,62.44,62.57,346008125
2022-11-25,XOM,Energy,63.52,63.65,63.3,63.52,361013743
2022-11-28,XOM,Energy,64.24,64.12,63.61,63.85,338603091
2022-11-29,XOM,Energy,63.89,63.98,63.52,63.74,640461411
2022-11-30,XOM,Energy,64.7,65.11,64.31,64.8,299050744
2022-12-01,XOM,Energy,65.79,65.97,64.15,65.37,488225469
2022-12-02,XOM,Energy,66.04,67.1,64.9,66.24,456797751
2022-12-05,XOM,Energy,64.45,64.66,63.84,64.41,369574456
2022-12-06,XOM,Energy,62.98,63.8,63.28,63.39,333647019
2022-12-07,XOM,Energy,63.75,65.37,63.8,64.04,403805108
2022-12-08,XOM,Energy,64.16,64.27,63.63,64.09,763883762
2022-12-09,XOM,Energy,63.5,64.48,63.72,63.81,1441082192
2022-12-12,XOM,Energy,62.86,62.45,61.77,62.08,1197413250
2022-12-13,XOM,Energy,63.61,63.66,62.26,63.49,790860131
2022-12-14,XOM,Energy,63.61,63.7,63.55,63.68,657691033
2022-12-15,XOM,Energy,63.1,64.07,63.28,64.05,626051769
2022-12-16,XOM,Energy,64.83,65.35,64.72,64.76,794301914
2022-12-19,XOM,Energy,66.78,66.39,66.08,66.23,167750189
2022-12-20,XOM,Energy,65.73,66.33,64.99,65.56,387684166
2022-12-21,XOM,Energy,64.51,65.02,63.91,64.71,510403160
2022-12-22,XOM,Energy,63.97,64.43,63.73,64.0,209097024
2022-12-23,XOM,Energy,63.13,62.48,61.81,62.47,173075494
2022-12-26,XOM,Energy,61.4,61.75,61.56,61.74,300523370
2022-12-27,XOM,Energy,60.87,60.98,59.89,60.84,876502614
2022-12-28,XOM,Energy,61.23,61.87,59.95,61.32,932675328
2022-12-29,XOM,Energy,60.67,61.67,60.09,60.81,377249843
2022-12-30,XOM,Energy,60.04,60.21,59.32,59.91,234268102
2023-01-02,XOM,Energy,60.94,60.77,59.67,60.47,627217950
2023-01-03,XOM,Energy,61.51,61.54,60.86,61.17,461824635
2023-01-04,XOM,Energy,63.11,63.04,62.45,63.02,650180624
2023-01-05,XOM,Energy,61.2,61.64,61.1,61.46,1160424347
2023-01-06,XOM,Energy,60.88,61.77,61.11,61.28,993696349
2023-01-09,XOM,Energy,60.51,60.92,60.0,60.66,633019139
2023-01-10,XOM,Energy,59.68,60.91,59.29,59.74,329663545
2023-01-11,XOM,Energy,59.29,59.82,58.73,59.66,518992874
2023-01-12,XOM,Energy,59.62,59.72,59.61,59.66,750712289
2023-01-13,XOM,Energy,60.31,60.42,58.76,60.22,212017700
2023-01-16,XOM,Energy,60.74,61.54,60.37,60.82,359535021
2023-01-17,XOM,Energy,62.1,62.02,61.11,61.97,547692792
2023-01-18,XOM,Energy,62.08,62.46,61.19,62.05,468467261
2023-01-19,XOM,Energy,62.75,62.84,62.22,62.75,282327904
2023-01-20,XOM,Energy,61.09,61.31,60.67,60.95,930715507
2023-01-23,XOM,Energy,60.26,61.05,60.33,60.36,318410548
2023-01-24,XOM,Energy,60.18,60.6,59.42,60.31,274870989
2023-01-25,XOM,Energy,61.02,60.85,60.0,60.54,681420867
2023-01-26,XOM,Energy,59.15,59.86,58.4,59.15,940068290
2023-01-27,XOM,Energy,59.18,59.55,58.32,58.67,230200226
2023-01-30,XOM,Energy,58.56,58.71,58.45,58.69,503011991
2023-01-31,XOM,Energy,58.53,58.88,58.11,58.21,749402109
2023-02-01,XOM,Energy,57.98,58.1,57.39,57.52,670007215
2023-02-02,XOM,Energy,58.18,58.56,57.95,58.15,675628176
2023-02-03,XOM,Energy,58.05,58.34,57.36,57.69,277375857
2023-02-06,XOM,Energy,58.18,59.2,58.42,58.42,515944281
2023-02-07,XOM,Energy,57.49,58.24,57.75,57.95,235691790
2023-02-08,XOM,Energy,58.53,58.0,57.83,57.99,511192616
2023-02-09,XOM,Energy,58.37,58.98,58.17,58.53,502803711
2023-02-10,XOM,Energy,57.78,58.93,57.84,58.45,436057054
2023-02-13,XOM,Energy,59.0,58.95,58.3,58.88,365975091
2023-02-14,XOM,Energy,56.73,56.95,56.37,56.84,492084069
2023-02-15,XOM,Energy,57.68,57.68,56.93,57.22,445003775
2023-02-16,XOM,Energy,56.36,56.29,55.26,56.26,608274725
2023-02-17,XOM,Energy,57.45,57.78,57.51,57.7,405968626
2023-02-20,XOM,Energy,56.48,56.48,56.26,56.39,355203548
2023-02-21,XOM,Energy,56.5,56.63,56.33,56.48,495095618
2023-02-22,XOM,Energy,57.09,57.2,56.98,57.14,339392543
2023-02-23,XOM,Energy,56.77,57.77,56.44,56.85,399712328
2023-02-24,XOM,Energy,56.17,56.81,56.53,56.66,814907963
2023-02-27,XOM,Energy,56.93,57.78,56.17,57.21,429729616
2023-02-28,XOM,Energy,59.24,59.7,58.58,59.44,472426993
2023-03-01,XOM,Energy,59.47,60.31,59.62,59.69,279390420
2023-03-02,XOM,Energy,60.11,60.31,59.53,59.94,378344318
2023-03-03,XOM,Energy,60.41,60.75,60.53,60.6,378437668
2023-03-06,XOM,Energy,60.5,61.87,60.54,60.68,319991591
2023-03-07,XOM,Energy,60.53,61.3,60.06,60.25,402029439
2023-03-08,XOM,Energy,60.31,60.89,60.23,60.51,1112009801
2023-03-09,XOM,Energy,61.56,61.81,61.03,61.42,1330589490
2023-03-10,XOM,Energy,61.22,61.76,60.76,61.48,266155291
2023-03-13,XOM,Energy,61.73,63.95,62.47,62.67,320167883
2023-03-14,XOM,Energy,61.97,62.92,62.03,62.23,826724329
2023-03-15,XOM,Energy,61.96,62.28,61.67,62.26,321160433
2023-03-16,XOM,Energy,62.45,62.37,61.56,62.33,125299465
2023-03-17,XOM,Energy,62.34,63.32,62.11,62.59,348215061
2023-03-20,XOM,Energy,61.43,61.42,60.63,61.32,1484710348
2023-03-21,XOM,Energy,60.02,60.25,58.9,60.11,669042789
2023-03-22,XOM,Energy,61.56,60.82,60.35,60.78,1142120368
2023-03-23,XOM,Energy,60.04,61.02,60.13,60.32,607992907
2023-03-24,XOM,Energy,59.24,59.31,58.88,59.27,302273588
2023-03-27,XOM,Energy,60.32,61.24,60.18,60.34,489039748
2023-03-28,XOM,Energy,60.41,60.81,60.5,60.52,395715203
2023-03-29,XOM,Energy,60.23,60.36,59.67,59.98,489796002
2023-03-30,XOM,Energy,59.72,59.82,59.18,59.53,539613154
2023-03-31,XOM,Energy,59.36,59.26,58.76,59.01,786476582
2023-04-03,XOM,Energy,59.05,60.0,58.3,59.47,779865157
2023-04-04,XOM,Energy,59.85,60.43,59.81,59.87,931951523
2023-04-05,XOM,Energy,59.76,59.37,58.14,59.25,284079838
2023-04-06,XOM,Energy,59.8,59.6,59.51,59.56,1118921632
2023-04-07,XOM,Energy,60.1,60.11,59.64,59.8,384918357
2023-04-10,XOM,Energy,60.58,61.32,60.25,60.78,446000746
2023-04-11,XOM,Energy,61.01,61.69,60.24,61.02,559169913
2023-04-12,XOM,Energy,60.57,61.15,60.21,60.51,679395782
2023-04-13,XOM,Energy,60.82,60.84,60.51,60.67,1018316319
2023-04-14,XOM,Energy,60.87,61.73,61.19,61.33,287768453
2023-04-17,XOM,Energy,62.29,61.77,61.55,61.77,697503437
2023-04-18,XOM,Energy,62.94,63.0,62.55,62.95,324444190
2023-04-19,XOM,Energy,64.84,64.85,64.18,64.44,176701388
2023-04-20,XOM,Energy,64.93,65.71,65.03,65.03,675435554
2023-04-21,XOM,Energy,65.51,65.98,64.96,65.27,526157738
2023-04-24,XOM,Energy,64.05,64.16,63.62,63.69,611766681
2023-04-25,XOM,Energy,62.63,62.67,61.59,62.6,411918969
2023-04-26,XOM,Energy,63.23,63.46,62.85,63.08,411596991
2023-04-27,XOM,Energy,63.53,63.86,63.53,63.78,321772974
2023-04-28,XOM,Energy,64.6,64.74,64.55,64.7,760406249
2023-05-01,XOM,Energy,64.51,64.2,63.73,64.13,373384902
2023-05-02,XOM,Energy,66.16,66.2,65.48,66.03,400610580
2023-05-03,XOM,Energy,66.18,66.51,66.44,66.48,795937016
2023-05-04,XOM,Energy,65.87,65.93,65.16,65.35,406747619
2023-05-05,XOM,Energy,65.95,66.62,65.63,66.06,281171859
2023-05-08,XOM,Energy,63.53,64.02,63.29,63.89,688554426
2023-05-09,XOM,Energy,62.79,63.05,62.64,63.0,528335649
2023-05-10,XOM,Energy,62.64,62.98,62.51,62.62,1057501598
2023-05-11,XOM,Energy,63.24,63.61,63.22,63.27,505045855
2023-05-12,XOM,Energy,65.5,65.88,64.61,65.68,184620690
2023-05-15,XOM,Energy,64.88,66.41,64.92,65.37,587907446
2023-05-16,XOM,Energy,64.94,65.55,65.34,65.4,627190377
2023-05-17,XOM,Energy,66.82,67.52,67.07,67.3,308109721
2023-05-18,XOM,Energy,68.05,68.36,67.64,67.78,691130431
2023-05-19,XOM,Energy,68.02,68.67,68.22,68.31,489411631
2023-05-22,XOM,Energy,68.84,69.59,67.95,68.67,1017503887
2023-05-23,XOM,Energy,69.93,69.94,69.15,69.47,281673995
2023-05-24,XOM,Energy,68.47,68.05,66.87,68.05,893232620
2023-05-25,XOM,Energy,67.65,67.83,67.59,67.63,517017333
2023-05-26,XOM,Energy,68.37,68.31,67.7,68.22,358169994
2023-05-29,XOM,Energy,69.94,70.36,69.55,69.6,337968565
2023-05-30,XOM,Energy,69.92,70.25,69.47,69.95,448647511
2023-05-31,XOM,Energy,69.74,70.67,68.97,69.39,398652030
2023-06-01,XOM,Energy,68.59,68.33,67.92,68.28,1059573764
2023-06-02,XOM,Energy,71.48,71.46,70.94,71.32,424699970
2023-06-05,XOM,Energy,72.64,73.08,70.96,72.33,209032017
2023-06-06,XOM,Energy,71.12,72.05,70.91,71.58,692980851
2023-06-07,XOM,Energy,69.32,69.56,68.89,69.51,228383970
2023-06-08,XOM,Energy,69.38,70.02,69.33,69.68,329695993
2023-06-09,XOM,Energy,67.19,67.68,67.51,67.59,534530503
2023-06-12,XOM,Energy,68.75,68.77,68.51,68.65,265688488
2023-06-13,XOM,Energy,71.06,71.06,70.42,70.79,452456614
2023-06-14,XOM,Energy,71.34,71.6,70.65,71.46,357170761
2023-06-15,XOM,Energy,71.55,71.73,70.34,70.98,791152647
2023-06-16,XOM,Energy,72.08,72.56,71.99,72.36,669493799
2023-06-19,XOM,Energy,72.77,72.67,71.87,72.63,318990277
2023-06-20,XOM,Energy,72.11,72.3,71.31,71.91,1252546322
2023-06-21,XOM,Energy,73.21,73.95,73.2,73.69,399733697
2023-06-22,XOM,Energy,74.98,75.64,74.3,74.55,429162527
2023-06-23,XOM,Energy,75.11,75.76,74.07,75.27,780035658
2023-06-26,XOM,Energy,75.46,76.32,74.13,75.6,468106856
2023-06-27,XOM,Energy,74.87,74.7,74.32,74.62,149385465
2023-06-28,XOM,Energy,73.35,73.35,72.83,73.17,614263762
2023-06-29,XOM,Energy,73.05,72.96,72.35,72.77,306202010
2023-06-30,XOM,Energy,73.48,73.84,73.69,73.72,246341432
2023-07-03,XOM,Energy,72.95,73.22,71.64,73.03,770213790
2023-07-04,XOM,Energy,73.46,73.96,73.64,73.67,522627936
2023-07-05,XOM,Energy,75.21,75.98,75.08,75.39,705889449
2023-07-06,XOM,Energy,73.78,73.66,73.17,73.51,678192850
2023-07-07,XOM,Energy,73.5,73.97,73.54,73.86,318031619
2023-07-10,XOM,Energy,74.11,74.05,72.87,73.95,713979057
2023-07-11,XOM,Energy,73.75,75.29,73.48,73.88,398200636
2023-07-12,XOM,Energy,73.62,74.01,72.99,73.82,462052764
2023-07-13,XOM,Energy,74.91,76.53,74.4,75.2,342607212
2023-07-14,XOM,Energy,74.55,76.12,74.95,75.05,377624710
2023-07-17,XOM,Energy,76.18,76.34,75.8,75.92,155695681
2023-07-18,XOM,Energy,75.74,76.59,75.55,76.06,190807557
2023-07-19,XOM,Energy,78.13,78.35,77.75,77.9,1033310925
2023-07-20,XOM,Energy,78.24,78.08,77.63,77.74,445591751
2023-07-21,XOM,Energy,76.98,77.6,75.9,76.65,413301439
2023-07-24,XOM,Energy,75.89,76.41,75.92,75.98,423233218
2023-07-25,XOM,Energy,77.66,78.49,76.54,77.54,329000211
2023-07-26,XOM,Energy,77.36,77.46,77.14,77.27,679240012
2023-07-27,XOM,Energy,77.08,78.04,77.24,77.64,316565222
2023-07-28,XOM,Energy,80.07,80.45,79.18,79.94,459117910
2023-07-31,XOM,Energy,79.52,80.63,79.38,79.73,392388132
2023-08-01,XOM,Energy,78.45,79.71,78.96,79.16,473584143
2023-08-02,XOM,Energy,77.29,78.71,76.76,77.35,552023605
2023-08-03,XOM,Energy,77.63,77.22,76.78,77.04,712118252
2023-08-04,XOM,Energy,78.84,79.43,78.58,78.78,578266646
2023-08-07,XOM,Energy,80.64,80.57,80.16,80.42,199414999
2023-08-08,XOM,Energy,80.59,80.25,79.57,80.16,285250939
2023-08-09,XOM,Energy,80.02,80.21,79.16,80.02,774770021
2023-08-10,XOM,Energy,80.31,80.97,80.18,80.89,511701855
2023-08-11,XOM,Energy,80.18,80.84,79.78,80.25,271954012
2023-08-14,XOM,Energy,80.5,81.55,80.4,80.89,452704199
2023-08-15,XOM,Energy,81.71,82.34,82.05,82.34,639413745
2023-08-16,XOM,Energy,81.74,81.48,81.17,81.4,448483210
2023-08-17,XOM,Energy,81.71,81.67,79.98,81.35,464140073
2023-08-18,XOM,Energy,81.15,81.72,80.76,81.38,329776436
2023-08-21,XOM,Energy,82.51,82.91,81.32,82.2,490164136
2023-08-22,XOM,Energy,82.67,82.59,82.05,82.23,341350978
2023-08-23,XOM,Energy,79.91,80.81,80.15,80.36,336229430
2023-08-24,XOM,Energy,79.24,79.81,79.14,79.35,350406046
2023-08-25,XOM,Energy,78.35,78.61,78.36,78.47,865946348
2023-08-28,XOM,Energy,79.33,80.1,78.76,79.09,390380520
2023-08-29,XOM,Energy,76.91,77.35,77.34,77.34,234834223
2023-08-30,XOM,Energy,77.23,77.41,77.0,77.26,279527661
2023-08-31,XOM,Energy,76.14,77.11,76.57,76.78,383041486
2023-09-01,XOM,Energy,74.95,75.73,75.38,75.57,709099551
2023-09-04,XOM,Energy,73.87,75.26,74.31,74.33,274100932
2023-09-05,XOM,Energy,75.35,74.98,74.69,74.74,342019382
2023-09-06,XOM,Energy,74.23,75.68,74.67,74.83,624645287
2023-09-07,XOM,Energy,74.64,74.38,73.07,73.55,1010476657
2023-09-08,XOM,Energy,72.98,72.71,72.26,72.69,605259669
2023-09-11,XOM,Energy,73.95,74.15,73.86,74.08,745217452
2023-09-12,XOM,Energy,73.75,74.68,74.04,74.51,566526497
2023-09-13,XOM,Energy,75.36,75.77,73.86,74.78,503807376
2023-09-14,XOM,Energy,75.5,76.36,75.01,75.35,547649254
2023-09-15,XOM,Energy,74.81,74.84,74.4,74.82,150885925
2023-09-18,XOM,Energy,75.41,75.4,75.13,75.33,236916434
2023-09-19,XOM,Energy,77.16,77.59,77.44,77.53,491009086
2023-09-20,XOM,Energy,79.38,79.82,78.63,79.17,405539458
2023-09-21,XOM,Energy,77.87,77.59,77.32,77.47,566334369
2023-09-22,XOM,Energy,78.65,80.13,79.08,79.36,969981558
2023-09-25,XOM,Energy,81.16,81.89,80.03,81.01,525753352
2023-09-26,XOM,Energy,83.19,83.89,82.56,82.99,660294922
2023-09-27,XOM,Energy,82.38,82.56,81.92,82.52,403902092
2023-09-28,XOM,Energy,81.96,81.85,81.55,81.76,215579367
2023-09-29,XOM,Energy,81.57,81.73,81.44,81.64,219612896
2023-10-02,XOM,Energy,82.53,82.53,81.78,82.11,536600701
2023-10-03,XOM,Energy,82.07,82.82,82.26,82.72,310349461
2023-10-04,XOM,Energy,85.21,86.38,84.62,84.71,463061145
2023-10-05,XOM,Energy,84.24,84.31,83.99,84.22,344742900
2023-10-06,XOM,Energy,85.06,86.63,85.56,85.65,373369242
2023-10-09,XOM,Energy,85.11,85.78,84.75,85.44,626298760
2023-10-10,XOM,Energy,88.09,87.1,85.74,86.67,717764528
2023-10-11,XOM,Energy,86.72,86.95,86.26,86.35,525413746
2023-10-12,XOM,Energy,87.33,86.57,85.49,86.49,302996871
2023-10-13,XOM,Energy,84.73,84.9,84.1,84.75,684282857
2023-10-16,XOM,Energy,86.06,86.6,85.83,86.04,594921204
2023-10-17,XOM,Energy,84.66,84.18,82.82,83.8,396323937
2023-10-18,XOM,Energy,84.54,84.11,83.17,83.59,776404996
2023-10-19,XOM,Energy,81.56,82.66,80.9,81.68,565572172
2023-10-20,XOM,Energy,81.74,82.97,81.16,81.68,391668875
2023-10-23,XOM,Energy,80.04,81.35,79.19,79.95,203189519
2023-10-24,XOM,Energy,79.73,79.76,78.97,79.5,424099838
2023-10-25,XOM,Energy,80.93,81.78,80.52,80.9,531772919
2023-10-26,XOM,Energy,81.58,81.69,81.55,81.68,513941463
2023-10-27,XOM,Energy,83.6,83.72,82.83,83.29,449252483
2023-10-30,XOM,Energy,82.55,84.44,82.87,83.72,464478488
2023-10-31,XOM,Energy,84.89,86.1,84.9,85.18,403464219
2023-11-01,XOM,Energy,85.99,86.55,85.0,86.41,790098253
2023-11-02,XOM,Energy,86.87,88.23,85.85,87.02,1696136581
2023-11-03,XOM,Energy,86.09,87.75,86.63,87.07,1083551061
2023-11-06,XOM,Energy,89.23,89.91,89.02,89.18,300159174
2023-11-07,XOM,Energy,86.69,87.01,86.64,86.86,542315249
2023-11-08,XOM,Energy,89.07,88.97,88.63,88.75,640059349
2023-11-09,XOM,Energy,87.46,88.03,87.57,87.96,912564663
2023-11-10,XOM,Energy,90.16,90.4,89.74,89.88,369326975
2023-11-13,XOM,Energy,90.76,90.67,89.49,90.55,279896035
2023-11-14,XOM,Energy,92.48,92.35,91.74,91.85,621838408
2023-11-15,XOM,Energy,90.57,91.13,89.96,90.39,580354631
2023-11-16,XOM,Energy,89.2,90.11,89.08,89.28,1426668643
2023-11-17,XOM,Energy,88.65,90.65,88.52,89.35,277118960
2023-11-20,XOM,Energy,90.77,92.25,90.41,90.98,270426133
2023-11-21,XOM,Energy,88.53,89.04,88.37,88.53,240919095
2023-11-22,XOM,Energy,90.07,91.1,90.35,90.73,441080256
2023-11-23,XOM,Energy,91.38,91.4,91.05,91.16,275676813
2023-11-24,XOM,Energy,91.49,91.54,91.29,91.46,256693574
2023-11-27,XOM,Energy,90.05,91.26,89.09,89.68,739714712
2023-11-28,XOM,Energy,90.19,91.65,89.37,90.11,519178857
2023-11-29,XOM,Energy,89.89,90.11,89.83,89.84,352466920
2023-11-30,XOM,Energy,90.84,91.51,90.22,91.19,407587790
2023-12-01,XOM,Energy,92.0,92.61,92.44,92.58,718546726
2023-12-04,XOM,Energy,91.93,91.77,90.61,91.7,214940752
2023-12-05,XOM,Energy,89.58,89.34,88.43,89.29,495526569
2023-12-06,XOM,Energy,90.82,90.05,88.29,89.54,422080933
2023-12-07,XOM,Energy,89.67,90.11,89.86,90.04,282027743
2023-12-08,XOM,Energy,87.4,88.82,88.17,88.54,606023371
2023-12-11,XOM,Energy,87.86,89.47,88.25,88.51,159118804
2023-12-12,XOM,Energy,87.58,88.02,86.92,87.58,855198572
2023-12-13,XOM,Energy,85.0,86.53,85.37,85.87,939923381
2023-12-14,XOM,Energy,86.56,86.29,85.42,86.02,268154492
2023-12-15,XOM,Energy,87.98,87.69,86.44,87.11,544710075
2023-12-18,XOM,Energy,87.46,89.07,86.5,88.0,809917716
2023-12-19,XOM,Energy,87.15,87.14,86.16,86.71,256941213
2023-12-20,XOM,Energy,88.86,88.89,87.49,88.15,234173109
2023-12-21,XOM,Energy,87.47,87.69,86.76,87.35,547316629
2023-12-22,XOM,Energy,87.24,87.71,86.98,87.13,860682243
2023-12-25,XOM,Energy,88.43,88.75,87.38,88.19,312698681
2023-12-26,XOM,Energy,86.87,86.58,85.9,86.53,729060830
2023-12-27,XOM,Energy,83.89,84.64,83.1,84.08,609157757
2023-12-28,XOM,Energy,82.84,84.2,82.93,83.8,900477689
2023-12-29,XOM,Energy,83.78,83.19,82.79,83.14,262171847
